item_id,category,item_name,unit,block,証拠等級,証拠ref,証拠URL,理由
1461e716b3a7,給湯器,コロナ 石油給湯器 UIB-NX46RY 46号,台,型番:UIB-NX46RY,A,E09,https://www.corona.co.jp/oil_hot-water/nx/lineup.html,実在形はUIB-NX46R(MS)/(FF)、RY+46号は非実在
ed54c50ce04d,給湯器,コロナ 給湯器 16号 LPガス ふろ給湯 フルオート,台,コロナ×ガス,A,E09,https://www.corona.co.jp/oil_hot-water/nx/lineup.html,コロナにガス給湯器無し
b51dd3e1fac3,給湯器,コロナ 給湯器 16号 LPガス ふろ給湯 追い炊き付き,台,コロナ×ガス,A,E09,https://www.corona.co.jp/oil_hot-water/nx/lineup.html,コロナにガス給湯器無し
8691559a85a9,給湯器,コロナ 給湯器 16号 LPガス ふろ給湯（BF）,台,コロナ×ガス,A,E09,https://www.corona.co.jp/oil_hot-water/nx/lineup.html,コロナにガス給湯器無し
92aa68ccb17a,給湯器,コロナ 給湯器 16号 LPガス 暖房熱源機,台,コロナ×ガス,A,E09,https://www.corona.co.jp/oil_hot-water/nx/lineup.html,コロナにガス給湯器無し
4371dac855a4,給湯器,コロナ 給湯器 16号 LPガス 給湯専用,台,コロナ×ガス,A,E09,https://www.corona.co.jp/oil_hot-water/nx/lineup.html,コロナにガス給湯器無し
bee40f4bc3e7,給湯器,コロナ 給湯器 16号 エコジョーズ追い焚き付き,台,コロナ×ガス,A,E09,https://www.corona.co.jp/oil_hot-water/nx/lineup.html,エコジョーズはガス技術、コロナ非該当
147c6639144c,給湯器,コロナ 給湯器 16号 都市ガス 13A ふろ給湯 フルオート,台,コロナ×ガス,A,E09,https://www.corona.co.jp/oil_hot-water/nx/lineup.html,コロナにガス給湯器無し
98b962136e0f,給湯器,コロナ 給湯器 16号 都市ガス 13A ふろ給湯 追い炊き付き,台,コロナ×ガス,A,E09,https://www.corona.co.jp/oil_hot-water/nx/lineup.html,コロナにガス給湯器無し
da48bea0accd,給湯器,コロナ 給湯器 16号 都市ガス 13A ふろ給湯（BF）,台,コロナ×ガス,A,E09,https://www.corona.co.jp/oil_hot-water/nx/lineup.html,コロナにガス給湯器無し
e28e4b7cd0ee,給湯器,コロナ 給湯器 16号 都市ガス 13A 暖房熱源機,台,コロナ×ガス,A,E09,https://www.corona.co.jp/oil_hot-water/nx/lineup.html,コロナにガス給湯器無し
3f574995b57c,給湯器,コロナ 給湯器 16号 都市ガス 13A 給湯専用,台,コロナ×ガス,A,E09,https://www.corona.co.jp/oil_hot-water/nx/lineup.html,コロナにガス給湯器無し
19a5b6d484d2,給湯器,コロナ 給湯器 20号 LPガス ふろ給湯 フルオート,台,コロナ×ガス,A,E09,https://www.corona.co.jp/oil_hot-water/nx/lineup.html,コロナにガス給湯器無し
ac63e158dc5d,給湯器,コロナ 給湯器 20号 LPガス ふろ給湯 追い炊き付き,台,コロナ×ガス,A,E09,https://www.corona.co.jp/oil_hot-water/nx/lineup.html,コロナにガス給湯器無し
7f997901c09f,給湯器,コロナ 給湯器 20号 LPガス ふろ給湯（BF）,台,コロナ×ガス,A,E09,https://www.corona.co.jp/oil_hot-water/nx/lineup.html,コロナにガス給湯器無し
dd95b62dd127,給湯器,コロナ 給湯器 20号 LPガス 床暖房対応,台,コロナ×ガス,A,E09,https://www.corona.co.jp/oil_hot-water/nx/lineup.html,コロナにガス給湯器無し
fa096fc89c45,給湯器,コロナ 給湯器 20号 LPガス 暖房熱源機,台,コロナ×ガス,A,E09,https://www.corona.co.jp/oil_hot-water/nx/lineup.html,コロナにガス給湯器無し
297d2ba674e8,給湯器,コロナ 給湯器 20号 LPガス 給湯専用,台,コロナ×ガス,A,E09,https://www.corona.co.jp/oil_hot-water/nx/lineup.html,コロナにガス給湯器無し
7ee270608257,給湯器,コロナ 給湯器 20号 エコジョーズ追い焚き付き,台,コロナ×ガス,A,E09,https://www.corona.co.jp/oil_hot-water/nx/lineup.html,エコジョーズはガス技術、コロナ非該当
f7f97f9f2f6f,給湯器,コロナ 給湯器 20号 都市ガス 13A ふろ給湯 フルオート,台,コロナ×ガス,A,E09,https://www.corona.co.jp/oil_hot-water/nx/lineup.html,コロナにガス給湯器無し
375591076792,給湯器,コロナ 給湯器 20号 都市ガス 13A ふろ給湯 追い炊き付き,台,コロナ×ガス,A,E09,https://www.corona.co.jp/oil_hot-water/nx/lineup.html,コロナにガス給湯器無し
05a2fb6af4f6,給湯器,コロナ 給湯器 20号 都市ガス 13A ふろ給湯（BF）,台,コロナ×ガス,A,E09,https://www.corona.co.jp/oil_hot-water/nx/lineup.html,コロナにガス給湯器無し
a7b19b004346,給湯器,コロナ 給湯器 20号 都市ガス 13A 床暖房対応,台,コロナ×ガス,A,E09,https://www.corona.co.jp/oil_hot-water/nx/lineup.html,コロナにガス給湯器無し
7941ffed86d1,給湯器,コロナ 給湯器 20号 都市ガス 13A 暖房熱源機,台,コロナ×ガス,A,E09,https://www.corona.co.jp/oil_hot-water/nx/lineup.html,コロナにガス給湯器無し
1c399e26b94e,給湯器,コロナ 給湯器 20号 都市ガス 13A 給湯専用,台,コロナ×ガス,A,E09,https://www.corona.co.jp/oil_hot-water/nx/lineup.html,コロナにガス給湯器無し
98841bd7042d,給湯器,コロナ 給湯器 24号 LPガス ふろ給湯 フルオート,台,コロナ×ガス,A,E09,https://www.corona.co.jp/oil_hot-water/nx/lineup.html,コロナにガス給湯器無し
1d755946d0be,給湯器,コロナ 給湯器 24号 LPガス ふろ給湯 追い炊き付き,台,コロナ×ガス,A,E09,https://www.corona.co.jp/oil_hot-water/nx/lineup.html,コロナにガス給湯器無し
401d09efaba9,給湯器,コロナ 給湯器 24号 LPガス ふろ給湯（BF）,台,コロナ×ガス,A,E09,https://www.corona.co.jp/oil_hot-water/nx/lineup.html,コロナにガス給湯器無し
fa864840c75a,給湯器,コロナ 給湯器 24号 LPガス 床暖房対応,台,コロナ×ガス,A,E09,https://www.corona.co.jp/oil_hot-water/nx/lineup.html,コロナにガス給湯器無し
45aa83ed34c5,給湯器,コロナ 給湯器 24号 LPガス 暖房熱源機,台,コロナ×ガス,A,E09,https://www.corona.co.jp/oil_hot-water/nx/lineup.html,コロナにガス給湯器無し
47c04646bdaf,給湯器,コロナ 給湯器 24号 LPガス 給湯専用,台,コロナ×ガス,A,E09,https://www.corona.co.jp/oil_hot-water/nx/lineup.html,コロナにガス給湯器無し
6f4f6d839221,給湯器,コロナ 給湯器 24号 エコジョーズ追い焚き付き,台,コロナ×ガス,A,E09,https://www.corona.co.jp/oil_hot-water/nx/lineup.html,エコジョーズはガス技術、コロナ非該当
5736b73ff0a3,給湯器,コロナ 給湯器 24号 都市ガス 13A ふろ給湯 フルオート,台,コロナ×ガス,A,E09,https://www.corona.co.jp/oil_hot-water/nx/lineup.html,コロナにガス給湯器無し
f14c95e20c93,給湯器,コロナ 給湯器 24号 都市ガス 13A ふろ給湯 追い炊き付き,台,コロナ×ガス,A,E09,https://www.corona.co.jp/oil_hot-water/nx/lineup.html,コロナにガス給湯器無し
5ea530ad1ded,給湯器,コロナ 給湯器 24号 都市ガス 13A ふろ給湯（BF）,台,コロナ×ガス,A,E09,https://www.corona.co.jp/oil_hot-water/nx/lineup.html,コロナにガス給湯器無し
a2cd9783fc00,給湯器,コロナ 給湯器 24号 都市ガス 13A 床暖房対応,台,コロナ×ガス,A,E09,https://www.corona.co.jp/oil_hot-water/nx/lineup.html,コロナにガス給湯器無し
0a1c0d3f9a12,給湯器,コロナ 給湯器 24号 都市ガス 13A 暖房熱源機,台,コロナ×ガス,A,E09,https://www.corona.co.jp/oil_hot-water/nx/lineup.html,コロナにガス給湯器無し
e4441125482b,給湯器,コロナ 給湯器 24号 都市ガス 13A 給湯専用,台,コロナ×ガス,A,E09,https://www.corona.co.jp/oil_hot-water/nx/lineup.html,コロナにガス給湯器無し
01f7357a4db9,給湯器,コロナ 給湯器 28号 LPガス ふろ給湯 フルオート,台,コロナ×ガス,A,E09,https://www.corona.co.jp/oil_hot-water/nx/lineup.html,コロナにガス給湯器無し
2fce293623af,給湯器,コロナ 給湯器 28号 LPガス ふろ給湯 追い炊き付き,台,コロナ×ガス,A,E09,https://www.corona.co.jp/oil_hot-water/nx/lineup.html,コロナにガス給湯器無し
4c8fa9142081,給湯器,コロナ 給湯器 28号 LPガス ふろ給湯（BF）,台,コロナ×ガス,A,E09,https://www.corona.co.jp/oil_hot-water/nx/lineup.html,コロナにガス給湯器無し
06f3728061fb,給湯器,コロナ 給湯器 28号 LPガス 床暖房対応,台,コロナ×ガス,A,E09,https://www.corona.co.jp/oil_hot-water/nx/lineup.html,コロナにガス給湯器無し
20ccfb141c9a,給湯器,コロナ 給湯器 28号 LPガス 暖房熱源機,台,コロナ×ガス,A,E09,https://www.corona.co.jp/oil_hot-water/nx/lineup.html,コロナにガス給湯器無し
11ec84eac947,給湯器,コロナ 給湯器 28号 LPガス 給湯専用,台,コロナ×ガス,A,E09,https://www.corona.co.jp/oil_hot-water/nx/lineup.html,コロナにガス給湯器無し
b36007716907,給湯器,コロナ 給湯器 28号 エコジョーズ追い焚き付き,台,コロナ×ガス,A,E09,https://www.corona.co.jp/oil_hot-water/nx/lineup.html,エコジョーズはガス技術、コロナ非該当
f5de76544096,給湯器,コロナ 給湯器 28号 標準,台,28号,B,E10,https://www.sunrefre.jp/gas/contents/gousu/,家庭用28号は非実在(16/20/24のみ)
98a3e270f1f2,給湯器,コロナ 給湯器 28号 石油（灯油） ふろ給湯 フルオート,台,28号,B,E10,https://www.sunrefre.jp/gas/contents/gousu/,家庭用28号は非実在(16/20/24のみ)
1eca67344943,給湯器,コロナ 給湯器 28号 石油（灯油） ふろ給湯 追い炊き付き,台,28号,B,E10,https://www.sunrefre.jp/gas/contents/gousu/,家庭用28号は非実在(16/20/24のみ)
f9c1435d1f3f,給湯器,コロナ 給湯器 28号 石油（灯油） ふろ給湯（BF）,台,28号,B,E10,https://www.sunrefre.jp/gas/contents/gousu/,家庭用28号は非実在(16/20/24のみ)
b4a5d6aab47d,給湯器,コロナ 給湯器 28号 石油（灯油） 床暖房対応,台,28号,B,E10,https://www.sunrefre.jp/gas/contents/gousu/,家庭用28号は非実在(16/20/24のみ)
b10a39638cf7,給湯器,コロナ 給湯器 28号 石油（灯油） 暖房熱源機,台,28号,B,E10,https://www.sunrefre.jp/gas/contents/gousu/,家庭用28号は非実在(16/20/24のみ)
d31dac83688c,給湯器,コロナ 給湯器 28号 石油（灯油） 給湯専用,台,28号,B,E10,https://www.sunrefre.jp/gas/contents/gousu/,家庭用28号は非実在(16/20/24のみ)
7e3ee8ce7da7,給湯器,コロナ 給湯器 28号 都市ガス 13A ふろ給湯 フルオート,台,コロナ×ガス,A,E09,https://www.corona.co.jp/oil_hot-water/nx/lineup.html,コロナにガス給湯器無し
de6814774972,給湯器,コロナ 給湯器 28号 都市ガス 13A ふろ給湯 追い炊き付き,台,コロナ×ガス,A,E09,https://www.corona.co.jp/oil_hot-water/nx/lineup.html,コロナにガス給湯器無し
b4a08877217a,給湯器,コロナ 給湯器 28号 都市ガス 13A ふろ給湯（BF）,台,コロナ×ガス,A,E09,https://www.corona.co.jp/oil_hot-water/nx/lineup.html,コロナにガス給湯器無し
9e26c13cbc39,給湯器,コロナ 給湯器 28号 都市ガス 13A 床暖房対応,台,コロナ×ガス,A,E09,https://www.corona.co.jp/oil_hot-water/nx/lineup.html,コロナにガス給湯器無し
521f21a038b5,給湯器,コロナ 給湯器 28号 都市ガス 13A 暖房熱源機,台,コロナ×ガス,A,E09,https://www.corona.co.jp/oil_hot-water/nx/lineup.html,コロナにガス給湯器無し
55b58e3edeb7,給湯器,コロナ 給湯器 28号 都市ガス 13A 給湯専用,台,コロナ×ガス,A,E09,https://www.corona.co.jp/oil_hot-water/nx/lineup.html,コロナにガス給湯器無し
c92332dedde3,給湯器,ノーリツ GT-C6052SAWX 60号,台,型番:GT-C6052SAWX,A,E19,https://www.noritz.co.jp/product/kyutou_bath/gas/gasfuro_eco/gasfuro_c72.html,60号は非実在の架空外挿
cab9c961b53c,給湯器,ノーリツ 給湯器 28号 LPガス ふろ給湯 フルオート,台,28号,B,E10,https://www.sunrefre.jp/gas/contents/gousu/,家庭用28号は非実在(16/20/24のみ)
5eeaf45c68e6,給湯器,ノーリツ 給湯器 28号 LPガス ふろ給湯 追い炊き付き,台,28号,B,E10,https://www.sunrefre.jp/gas/contents/gousu/,家庭用28号は非実在(16/20/24のみ)
ffd19109d11b,給湯器,ノーリツ 給湯器 28号 LPガス ふろ給湯（BF）,台,28号,B,E10,https://www.sunrefre.jp/gas/contents/gousu/,家庭用28号は非実在(16/20/24のみ)
1eb9986d113c,給湯器,ノーリツ 給湯器 28号 LPガス 床暖房対応,台,28号,B,E10,https://www.sunrefre.jp/gas/contents/gousu/,家庭用28号は非実在(16/20/24のみ)
a40369ba0230,給湯器,ノーリツ 給湯器 28号 LPガス 暖房熱源機,台,28号,B,E10,https://www.sunrefre.jp/gas/contents/gousu/,家庭用28号は非実在(16/20/24のみ)
205e73e4bf8c,給湯器,ノーリツ 給湯器 28号 LPガス 給湯専用,台,28号,B,E10,https://www.sunrefre.jp/gas/contents/gousu/,家庭用28号は非実在(16/20/24のみ)
3c56c1dee1cf,給湯器,ノーリツ 給湯器 28号 エコジョーズ追い焚き付き,台,28号,B,E10,https://www.sunrefre.jp/gas/contents/gousu/,家庭用28号は非実在(16/20/24のみ)
a00391a4a7e7,給湯器,ノーリツ 給湯器 28号 標準,台,28号,B,E10,https://www.sunrefre.jp/gas/contents/gousu/,家庭用28号は非実在(16/20/24のみ)
77e63a2e3a98,給湯器,ノーリツ 給湯器 28号 石油（灯油） ふろ給湯 フルオート,台,28号,B,E10,https://www.sunrefre.jp/gas/contents/gousu/,家庭用28号は非実在(16/20/24のみ)
8b2f9ee37a1c,給湯器,ノーリツ 給湯器 28号 石油（灯油） ふろ給湯 追い炊き付き,台,28号,B,E10,https://www.sunrefre.jp/gas/contents/gousu/,家庭用28号は非実在(16/20/24のみ)
a314aff595bf,給湯器,ノーリツ 給湯器 28号 石油（灯油） ふろ給湯（BF）,台,28号,B,E10,https://www.sunrefre.jp/gas/contents/gousu/,家庭用28号は非実在(16/20/24のみ)
a423cb0de8f9,給湯器,ノーリツ 給湯器 28号 石油（灯油） 床暖房対応,台,28号,B,E10,https://www.sunrefre.jp/gas/contents/gousu/,家庭用28号は非実在(16/20/24のみ)
f8ac5619ca28,給湯器,ノーリツ 給湯器 28号 石油（灯油） 暖房熱源機,台,28号,B,E10,https://www.sunrefre.jp/gas/contents/gousu/,家庭用28号は非実在(16/20/24のみ)
c50e8c02f766,給湯器,ノーリツ 給湯器 28号 石油（灯油） 給湯専用,台,28号,B,E10,https://www.sunrefre.jp/gas/contents/gousu/,家庭用28号は非実在(16/20/24のみ)
301bf9330b31,給湯器,ノーリツ 給湯器 28号 都市ガス 13A ふろ給湯 フルオート,台,28号,B,E10,https://www.sunrefre.jp/gas/contents/gousu/,家庭用28号は非実在(16/20/24のみ)
32e6164e5e68,給湯器,ノーリツ 給湯器 28号 都市ガス 13A ふろ給湯 追い炊き付き,台,28号,B,E10,https://www.sunrefre.jp/gas/contents/gousu/,家庭用28号は非実在(16/20/24のみ)
3b3732c0f928,給湯器,ノーリツ 給湯器 28号 都市ガス 13A ふろ給湯（BF）,台,28号,B,E10,https://www.sunrefre.jp/gas/contents/gousu/,家庭用28号は非実在(16/20/24のみ)
3f0335f6b6d7,給湯器,ノーリツ 給湯器 28号 都市ガス 13A 床暖房対応,台,28号,B,E10,https://www.sunrefre.jp/gas/contents/gousu/,家庭用28号は非実在(16/20/24のみ)
90cbfafde0c6,給湯器,ノーリツ 給湯器 28号 都市ガス 13A 暖房熱源機,台,28号,B,E10,https://www.sunrefre.jp/gas/contents/gousu/,家庭用28号は非実在(16/20/24のみ)
bbf16bbd95cf,給湯器,ノーリツ 給湯器 28号 都市ガス 13A 給湯専用,台,28号,B,E10,https://www.sunrefre.jp/gas/contents/gousu/,家庭用28号は非実在(16/20/24のみ)
f3d39a30c111,給湯器,ノーリツ 給湯器（28号 エコジョーズ追い焚き）,台,28号,B,E10,https://www.sunrefre.jp/gas/contents/gousu/,家庭用28号は非実在(16/20/24のみ)
8c556ab4d4ac,給湯器,ノーリツ 給湯器（28号 エコジョーズ）,台,28号,B,E10,https://www.sunrefre.jp/gas/contents/gousu/,家庭用28号は非実在(16/20/24のみ)
2783f9071bda,給湯器,ノーリツ 給湯器（28号 標準）,台,28号,B,E10,https://www.sunrefre.jp/gas/contents/gousu/,家庭用28号は非実在(16/20/24のみ)
7233d845c952,給湯器,パナソニック 給湯器 16号 LPガス ふろ給湯 フルオート,台,パナ×ガス/石油,A,E07,https://sumai.panasonic.jp/hp/,パナはエコキュートのみ
20bc6e044f77,給湯器,パナソニック 給湯器 16号 LPガス ふろ給湯 追い炊き付き,台,パナ×ガス/石油,A,E07,https://sumai.panasonic.jp/hp/,パナはエコキュートのみ
17e55edd9a4f,給湯器,パナソニック 給湯器 16号 LPガス ふろ給湯（BF）,台,パナ×ガス/石油,A,E07,https://sumai.panasonic.jp/hp/,パナはエコキュートのみ
04c0fe886a77,給湯器,パナソニック 給湯器 16号 LPガス 暖房熱源機,台,パナ×ガス/石油,A,E07,https://sumai.panasonic.jp/hp/,パナはエコキュートのみ
b719b2151885,給湯器,パナソニック 給湯器 16号 LPガス 給湯専用,台,パナ×ガス/石油,A,E07,https://sumai.panasonic.jp/hp/,パナはエコキュートのみ
5cab48c6c51d,給湯器,パナソニック 給湯器 16号 石油（灯油） ふろ給湯 フルオート,台,パナ×ガス/石油,A,E07,https://sumai.panasonic.jp/hp/,パナはエコキュートのみ
0dd59ec954bc,給湯器,パナソニック 給湯器 16号 石油（灯油） ふろ給湯 追い炊き付き,台,パナ×ガス/石油,A,E07,https://sumai.panasonic.jp/hp/,パナはエコキュートのみ
da7bab124c68,給湯器,パナソニック 給湯器 16号 石油（灯油） ふろ給湯（BF）,台,パナ×ガス/石油,A,E07,https://sumai.panasonic.jp/hp/,パナはエコキュートのみ
82acc104462c,給湯器,パナソニック 給湯器 16号 石油（灯油） 暖房熱源機,台,パナ×ガス/石油,A,E07,https://sumai.panasonic.jp/hp/,パナはエコキュートのみ
ef6af18418e1,給湯器,パナソニック 給湯器 16号 石油（灯油） 給湯専用,台,パナ×ガス/石油,A,E07,https://sumai.panasonic.jp/hp/,パナはエコキュートのみ
bfe44e93f24d,給湯器,パナソニック 給湯器 16号 都市ガス 13A ふろ給湯 フルオート,台,パナ×ガス/石油,A,E07,https://sumai.panasonic.jp/hp/,パナはエコキュートのみ
8976770f4538,給湯器,パナソニック 給湯器 16号 都市ガス 13A ふろ給湯 追い炊き付き,台,パナ×ガス/石油,A,E07,https://sumai.panasonic.jp/hp/,パナはエコキュートのみ
74508cbc6316,給湯器,パナソニック 給湯器 16号 都市ガス 13A ふろ給湯（BF）,台,パナ×ガス/石油,A,E07,https://sumai.panasonic.jp/hp/,パナはエコキュートのみ
e23067fd71d0,給湯器,パナソニック 給湯器 16号 都市ガス 13A 暖房熱源機,台,パナ×ガス/石油,A,E07,https://sumai.panasonic.jp/hp/,パナはエコキュートのみ
3f0a99e490c1,給湯器,パナソニック 給湯器 16号 都市ガス 13A 給湯専用,台,パナ×ガス/石油,A,E07,https://sumai.panasonic.jp/hp/,パナはエコキュートのみ
9609e9320fcc,給湯器,パナソニック 給湯器 20号 LPガス ふろ給湯 フルオート,台,パナ×ガス/石油,A,E07,https://sumai.panasonic.jp/hp/,パナはエコキュートのみ
c37489d1160a,給湯器,パナソニック 給湯器 20号 LPガス ふろ給湯 追い炊き付き,台,パナ×ガス/石油,A,E07,https://sumai.panasonic.jp/hp/,パナはエコキュートのみ
394a82b8608a,給湯器,パナソニック 給湯器 20号 LPガス ふろ給湯（BF）,台,パナ×ガス/石油,A,E07,https://sumai.panasonic.jp/hp/,パナはエコキュートのみ
f7d01e18f4e6,給湯器,パナソニック 給湯器 20号 LPガス 床暖房対応,台,パナ×ガス/石油,A,E07,https://sumai.panasonic.jp/hp/,パナはエコキュートのみ
d884b0277bbe,給湯器,パナソニック 給湯器 20号 LPガス 暖房熱源機,台,パナ×ガス/石油,A,E07,https://sumai.panasonic.jp/hp/,パナはエコキュートのみ
79595b457575,給湯器,パナソニック 給湯器 20号 LPガス 給湯専用,台,パナ×ガス/石油,A,E07,https://sumai.panasonic.jp/hp/,パナはエコキュートのみ
c14eea3bccd4,給湯器,パナソニック 給湯器 20号 石油（灯油） ふろ給湯 フルオート,台,パナ×ガス/石油,A,E07,https://sumai.panasonic.jp/hp/,パナはエコキュートのみ
380bd19d4038,給湯器,パナソニック 給湯器 20号 石油（灯油） ふろ給湯 追い炊き付き,台,パナ×ガス/石油,A,E07,https://sumai.panasonic.jp/hp/,パナはエコキュートのみ
6a80388391c0,給湯器,パナソニック 給湯器 20号 石油（灯油） ふろ給湯（BF）,台,パナ×ガス/石油,A,E07,https://sumai.panasonic.jp/hp/,パナはエコキュートのみ
0120d0a2aee6,給湯器,パナソニック 給湯器 20号 石油（灯油） 床暖房対応,台,パナ×ガス/石油,A,E07,https://sumai.panasonic.jp/hp/,パナはエコキュートのみ
d6795a04f695,給湯器,パナソニック 給湯器 20号 石油（灯油） 暖房熱源機,台,パナ×ガス/石油,A,E07,https://sumai.panasonic.jp/hp/,パナはエコキュートのみ
5a3c945aa491,給湯器,パナソニック 給湯器 20号 石油（灯油） 給湯専用,台,パナ×ガス/石油,A,E07,https://sumai.panasonic.jp/hp/,パナはエコキュートのみ
8c01d3eff904,給湯器,パナソニック 給湯器 20号 都市ガス 13A ふろ給湯 フルオート,台,パナ×ガス/石油,A,E07,https://sumai.panasonic.jp/hp/,パナはエコキュートのみ
9424e4563308,給湯器,パナソニック 給湯器 20号 都市ガス 13A ふろ給湯 追い炊き付き,台,パナ×ガス/石油,A,E07,https://sumai.panasonic.jp/hp/,パナはエコキュートのみ
b5e285c691dc,給湯器,パナソニック 給湯器 20号 都市ガス 13A ふろ給湯（BF）,台,パナ×ガス/石油,A,E07,https://sumai.panasonic.jp/hp/,パナはエコキュートのみ
47dd4dae2096,給湯器,パナソニック 給湯器 20号 都市ガス 13A 床暖房対応,台,パナ×ガス/石油,A,E07,https://sumai.panasonic.jp/hp/,パナはエコキュートのみ
0528ed02cf8c,給湯器,パナソニック 給湯器 20号 都市ガス 13A 暖房熱源機,台,パナ×ガス/石油,A,E07,https://sumai.panasonic.jp/hp/,パナはエコキュートのみ
dff568976987,給湯器,パナソニック 給湯器 20号 都市ガス 13A 給湯専用,台,パナ×ガス/石油,A,E07,https://sumai.panasonic.jp/hp/,パナはエコキュートのみ
e9357e509ff9,給湯器,パナソニック 給湯器 24号 LPガス ふろ給湯 フルオート,台,パナ×ガス/石油,A,E07,https://sumai.panasonic.jp/hp/,パナはエコキュートのみ
c7fa9ef16636,給湯器,パナソニック 給湯器 24号 LPガス ふろ給湯 追い炊き付き,台,パナ×ガス/石油,A,E07,https://sumai.panasonic.jp/hp/,パナはエコキュートのみ
bed98c8be475,給湯器,パナソニック 給湯器 24号 LPガス ふろ給湯（BF）,台,パナ×ガス/石油,A,E07,https://sumai.panasonic.jp/hp/,パナはエコキュートのみ
a5c865d82ca5,給湯器,パナソニック 給湯器 24号 LPガス 床暖房対応,台,パナ×ガス/石油,A,E07,https://sumai.panasonic.jp/hp/,パナはエコキュートのみ
a21ce93d15c4,給湯器,パナソニック 給湯器 24号 LPガス 暖房熱源機,台,パナ×ガス/石油,A,E07,https://sumai.panasonic.jp/hp/,パナはエコキュートのみ
71d7cb4f6e21,給湯器,パナソニック 給湯器 24号 LPガス 給湯専用,台,パナ×ガス/石油,A,E07,https://sumai.panasonic.jp/hp/,パナはエコキュートのみ
3dfb857bc31c,給湯器,パナソニック 給湯器 24号 石油（灯油） ふろ給湯 フルオート,台,パナ×ガス/石油,A,E07,https://sumai.panasonic.jp/hp/,パナはエコキュートのみ
4798b76022ef,給湯器,パナソニック 給湯器 24号 石油（灯油） ふろ給湯 追い炊き付き,台,パナ×ガス/石油,A,E07,https://sumai.panasonic.jp/hp/,パナはエコキュートのみ
9c746940b8bb,給湯器,パナソニック 給湯器 24号 石油（灯油） ふろ給湯（BF）,台,パナ×ガス/石油,A,E07,https://sumai.panasonic.jp/hp/,パナはエコキュートのみ
62bd66dd24c4,給湯器,パナソニック 給湯器 24号 石油（灯油） 床暖房対応,台,パナ×ガス/石油,A,E07,https://sumai.panasonic.jp/hp/,パナはエコキュートのみ
2b38130e43db,給湯器,パナソニック 給湯器 24号 石油（灯油） 暖房熱源機,台,パナ×ガス/石油,A,E07,https://sumai.panasonic.jp/hp/,パナはエコキュートのみ
b254d8afe6db,給湯器,パナソニック 給湯器 24号 石油（灯油） 給湯専用,台,パナ×ガス/石油,A,E07,https://sumai.panasonic.jp/hp/,パナはエコキュートのみ
84eca802ef58,給湯器,パナソニック 給湯器 24号 都市ガス 13A ふろ給湯 フルオート,台,パナ×ガス/石油,A,E07,https://sumai.panasonic.jp/hp/,パナはエコキュートのみ
762759d2d390,給湯器,パナソニック 給湯器 24号 都市ガス 13A ふろ給湯 追い炊き付き,台,パナ×ガス/石油,A,E07,https://sumai.panasonic.jp/hp/,パナはエコキュートのみ
1a6a6026a23b,給湯器,パナソニック 給湯器 24号 都市ガス 13A ふろ給湯（BF）,台,パナ×ガス/石油,A,E07,https://sumai.panasonic.jp/hp/,パナはエコキュートのみ
a76010dfff44,給湯器,パナソニック 給湯器 24号 都市ガス 13A 床暖房対応,台,パナ×ガス/石油,A,E07,https://sumai.panasonic.jp/hp/,パナはエコキュートのみ
c551bc834a7a,給湯器,パナソニック 給湯器 24号 都市ガス 13A 暖房熱源機,台,パナ×ガス/石油,A,E07,https://sumai.panasonic.jp/hp/,パナはエコキュートのみ
cce97e56a064,給湯器,パナソニック 給湯器 24号 都市ガス 13A 給湯専用,台,パナ×ガス/石油,A,E07,https://sumai.panasonic.jp/hp/,パナはエコキュートのみ
440dc9c6be91,給湯器,パナソニック 給湯器 28号 LPガス ふろ給湯 フルオート,台,パナ×ガス/石油,A,E07,https://sumai.panasonic.jp/hp/,パナはエコキュートのみ
e6bb6123b15b,給湯器,パナソニック 給湯器 28号 LPガス ふろ給湯 追い炊き付き,台,パナ×ガス/石油,A,E07,https://sumai.panasonic.jp/hp/,パナはエコキュートのみ
ec01ac24a1cd,給湯器,パナソニック 給湯器 28号 LPガス ふろ給湯（BF）,台,パナ×ガス/石油,A,E07,https://sumai.panasonic.jp/hp/,パナはエコキュートのみ
d18165b0aaf3,給湯器,パナソニック 給湯器 28号 LPガス 床暖房対応,台,パナ×ガス/石油,A,E07,https://sumai.panasonic.jp/hp/,パナはエコキュートのみ
a9214c7e7de5,給湯器,パナソニック 給湯器 28号 LPガス 暖房熱源機,台,パナ×ガス/石油,A,E07,https://sumai.panasonic.jp/hp/,パナはエコキュートのみ
f3ae0707a4d0,給湯器,パナソニック 給湯器 28号 LPガス 給湯専用,台,パナ×ガス/石油,A,E07,https://sumai.panasonic.jp/hp/,パナはエコキュートのみ
754b4baed167,給湯器,パナソニック 給湯器 28号 エコジョーズ追い焚き付き,台,28号,B,E10,https://www.sunrefre.jp/gas/contents/gousu/,家庭用28号は非実在(16/20/24のみ)
c9382e7a0023,給湯器,パナソニック 給湯器 28号 標準,台,28号,B,E10,https://www.sunrefre.jp/gas/contents/gousu/,家庭用28号は非実在(16/20/24のみ)
4bed00260355,給湯器,パナソニック 給湯器 28号 石油（灯油） ふろ給湯 フルオート,台,パナ×ガス/石油,A,E07,https://sumai.panasonic.jp/hp/,パナはエコキュートのみ
213320f6654a,給湯器,パナソニック 給湯器 28号 石油（灯油） ふろ給湯 追い炊き付き,台,パナ×ガス/石油,A,E07,https://sumai.panasonic.jp/hp/,パナはエコキュートのみ
d625ecd46cc4,給湯器,パナソニック 給湯器 28号 石油（灯油） ふろ給湯（BF）,台,パナ×ガス/石油,A,E07,https://sumai.panasonic.jp/hp/,パナはエコキュートのみ
db8fa0e0959a,給湯器,パナソニック 給湯器 28号 石油（灯油） 床暖房対応,台,パナ×ガス/石油,A,E07,https://sumai.panasonic.jp/hp/,パナはエコキュートのみ
09e1ddc318bc,給湯器,パナソニック 給湯器 28号 石油（灯油） 暖房熱源機,台,パナ×ガス/石油,A,E07,https://sumai.panasonic.jp/hp/,パナはエコキュートのみ
97b755850d17,給湯器,パナソニック 給湯器 28号 石油（灯油） 給湯専用,台,パナ×ガス/石油,A,E07,https://sumai.panasonic.jp/hp/,パナはエコキュートのみ
e172a59c49b2,給湯器,パナソニック 給湯器 28号 都市ガス 13A ふろ給湯 フルオート,台,パナ×ガス/石油,A,E07,https://sumai.panasonic.jp/hp/,パナはエコキュートのみ
d13b1df422cb,給湯器,パナソニック 給湯器 28号 都市ガス 13A ふろ給湯 追い炊き付き,台,パナ×ガス/石油,A,E07,https://sumai.panasonic.jp/hp/,パナはエコキュートのみ
c66bb814b7a5,給湯器,パナソニック 給湯器 28号 都市ガス 13A ふろ給湯（BF）,台,パナ×ガス/石油,A,E07,https://sumai.panasonic.jp/hp/,パナはエコキュートのみ
5fc28a58be1e,給湯器,パナソニック 給湯器 28号 都市ガス 13A 床暖房対応,台,パナ×ガス/石油,A,E07,https://sumai.panasonic.jp/hp/,パナはエコキュートのみ
441274ea9391,給湯器,パナソニック 給湯器 28号 都市ガス 13A 暖房熱源機,台,パナ×ガス/石油,A,E07,https://sumai.panasonic.jp/hp/,パナはエコキュートのみ
f96ec4d24874,給湯器,パナソニック 給湯器 28号 都市ガス 13A 給湯専用,台,パナ×ガス/石油,A,E07,https://sumai.panasonic.jp/hp/,パナはエコキュートのみ
a76072f8ecd0,給湯器,パナソニック 給湯器（28号 エコジョーズ追い焚き）,台,28号,B,E10,https://www.sunrefre.jp/gas/contents/gousu/,家庭用28号は非実在(16/20/24のみ)
498eadaeb658,給湯器,パナソニック 給湯器（28号 エコジョーズ）,台,28号,B,E10,https://www.sunrefre.jp/gas/contents/gousu/,家庭用28号は非実在(16/20/24のみ)
0b24c3075cf6,給湯器,パナソニック 給湯器（28号 標準）,台,28号,B,E10,https://www.sunrefre.jp/gas/contents/gousu/,家庭用28号は非実在(16/20/24のみ)
4768c6645982,給湯器,パロマ 給湯器 16号 石油（灯油） ふろ給湯 フルオート,台,パロマ×石油,A,E04,https://www.paloma.co.jp/,パロマに石油給湯器無し
ce82fae318e0,給湯器,パロマ 給湯器 16号 石油（灯油） ふろ給湯 追い炊き付き,台,パロマ×石油,A,E04,https://www.paloma.co.jp/,パロマに石油給湯器無し
5aecbb223fee,給湯器,パロマ 給湯器 16号 石油（灯油） ふろ給湯（BF）,台,パロマ×石油,A,E04,https://www.paloma.co.jp/,パロマに石油給湯器無し
6fcc374f21b5,給湯器,パロマ 給湯器 16号 石油（灯油） 暖房熱源機,台,パロマ×石油,A,E04,https://www.paloma.co.jp/,パロマに石油給湯器無し
36d285b1271c,給湯器,パロマ 給湯器 16号 石油（灯油） 給湯専用,台,パロマ×石油,A,E04,https://www.paloma.co.jp/,パロマに石油給湯器無し
547b521a913a,給湯器,パロマ 給湯器 16号 電気（ヒートポンプ） ふろ給湯 フルオート,台,パロマ×エコキュート,A,E04,https://www.paloma.co.jp/,エコキュート無し(ハイブリッドは別物)
eb39a972331a,給湯器,パロマ 給湯器 16号 電気（ヒートポンプ） 給湯専用,台,パロマ×エコキュート,A,E04,https://www.paloma.co.jp/,エコキュート無し(ハイブリッドは別物)
a4355f3d1f5f,給湯器,パロマ 給湯器 20号 石油（灯油） ふろ給湯 フルオート,台,パロマ×石油,A,E04,https://www.paloma.co.jp/,パロマに石油給湯器無し
c7a10ac1b411,給湯器,パロマ 給湯器 20号 石油（灯油） ふろ給湯 追い炊き付き,台,パロマ×石油,A,E04,https://www.paloma.co.jp/,パロマに石油給湯器無し
d2102e30c20e,給湯器,パロマ 給湯器 20号 石油（灯油） ふろ給湯（BF）,台,パロマ×石油,A,E04,https://www.paloma.co.jp/,パロマに石油給湯器無し
aaf9142a74fd,給湯器,パロマ 給湯器 20号 石油（灯油） 床暖房対応,台,パロマ×石油,A,E04,https://www.paloma.co.jp/,パロマに石油給湯器無し
c144bf4d9fc9,給湯器,パロマ 給湯器 20号 石油（灯油） 暖房熱源機,台,パロマ×石油,A,E04,https://www.paloma.co.jp/,パロマに石油給湯器無し
9f9cdaee1c2f,給湯器,パロマ 給湯器 20号 石油（灯油） 給湯専用,台,パロマ×石油,A,E04,https://www.paloma.co.jp/,パロマに石油給湯器無し
2f9146db9f54,給湯器,パロマ 給湯器 20号 電気（ヒートポンプ） ふろ給湯 フルオート,台,パロマ×エコキュート,A,E04,https://www.paloma.co.jp/,エコキュート無し(ハイブリッドは別物)
a42412f2ba62,給湯器,パロマ 給湯器 20号 電気（ヒートポンプ） 給湯専用,台,パロマ×エコキュート,A,E04,https://www.paloma.co.jp/,エコキュート無し(ハイブリッドは別物)
6c507ac86d64,給湯器,パロマ 給湯器 24号 石油（灯油） ふろ給湯 フルオート,台,パロマ×石油,A,E04,https://www.paloma.co.jp/,パロマに石油給湯器無し
c32960fe0356,給湯器,パロマ 給湯器 24号 石油（灯油） ふろ給湯 追い炊き付き,台,パロマ×石油,A,E04,https://www.paloma.co.jp/,パロマに石油給湯器無し
dbf17f24f6c8,給湯器,パロマ 給湯器 24号 石油（灯油） ふろ給湯（BF）,台,パロマ×石油,A,E04,https://www.paloma.co.jp/,パロマに石油給湯器無し
0ac4ac9232ea,給湯器,パロマ 給湯器 24号 石油（灯油） 床暖房対応,台,パロマ×石油,A,E04,https://www.paloma.co.jp/,パロマに石油給湯器無し
545d992941ca,給湯器,パロマ 給湯器 24号 石油（灯油） 暖房熱源機,台,パロマ×石油,A,E04,https://www.paloma.co.jp/,パロマに石油給湯器無し
40b9b65cf6d4,給湯器,パロマ 給湯器 24号 石油（灯油） 給湯専用,台,パロマ×石油,A,E04,https://www.paloma.co.jp/,パロマに石油給湯器無し
bb08985020cd,給湯器,パロマ 給湯器 24号 電気（ヒートポンプ） ふろ給湯 フルオート,台,パロマ×エコキュート,A,E04,https://www.paloma.co.jp/,エコキュート無し(ハイブリッドは別物)
a368f7125039,給湯器,パロマ 給湯器 24号 電気（ヒートポンプ） 給湯専用,台,パロマ×エコキュート,A,E04,https://www.paloma.co.jp/,エコキュート無し(ハイブリッドは別物)
3275c7174b92,給湯器,パロマ 給湯器 28号 LPガス ふろ給湯 フルオート,台,28号,B,E10,https://www.sunrefre.jp/gas/contents/gousu/,家庭用28号は非実在(16/20/24のみ)
0e407dce85a8,給湯器,パロマ 給湯器 28号 LPガス ふろ給湯 追い炊き付き,台,28号,B,E10,https://www.sunrefre.jp/gas/contents/gousu/,家庭用28号は非実在(16/20/24のみ)
4e1869a4f3a6,給湯器,パロマ 給湯器 28号 LPガス ふろ給湯（BF）,台,28号,B,E10,https://www.sunrefre.jp/gas/contents/gousu/,家庭用28号は非実在(16/20/24のみ)
ad7281816a9b,給湯器,パロマ 給湯器 28号 LPガス 床暖房対応,台,28号,B,E10,https://www.sunrefre.jp/gas/contents/gousu/,家庭用28号は非実在(16/20/24のみ)
3cf01f63936b,給湯器,パロマ 給湯器 28号 LPガス 暖房熱源機,台,28号,B,E10,https://www.sunrefre.jp/gas/contents/gousu/,家庭用28号は非実在(16/20/24のみ)
34f82cd30037,給湯器,パロマ 給湯器 28号 LPガス 給湯専用,台,28号,B,E10,https://www.sunrefre.jp/gas/contents/gousu/,家庭用28号は非実在(16/20/24のみ)
e393ac67fb2c,給湯器,パロマ 給湯器 28号 石油（灯油） ふろ給湯 フルオート,台,パロマ×石油,A,E04,https://www.paloma.co.jp/,パロマに石油給湯器無し
088036799d62,給湯器,パロマ 給湯器 28号 石油（灯油） ふろ給湯 追い炊き付き,台,パロマ×石油,A,E04,https://www.paloma.co.jp/,パロマに石油給湯器無し
1fa3387bd0ae,給湯器,パロマ 給湯器 28号 石油（灯油） ふろ給湯（BF）,台,パロマ×石油,A,E04,https://www.paloma.co.jp/,パロマに石油給湯器無し
4f30f7f92bfc,給湯器,パロマ 給湯器 28号 石油（灯油） 床暖房対応,台,パロマ×石油,A,E04,https://www.paloma.co.jp/,パロマに石油給湯器無し
b538f09420dd,給湯器,パロマ 給湯器 28号 石油（灯油） 暖房熱源機,台,パロマ×石油,A,E04,https://www.paloma.co.jp/,パロマに石油給湯器無し
b7fbd417adb6,給湯器,パロマ 給湯器 28号 石油（灯油） 給湯専用,台,パロマ×石油,A,E04,https://www.paloma.co.jp/,パロマに石油給湯器無し
7be9768deb57,給湯器,パロマ 給湯器 28号 都市ガス 13A ふろ給湯 フルオート,台,28号,B,E10,https://www.sunrefre.jp/gas/contents/gousu/,家庭用28号は非実在(16/20/24のみ)
cc423108c48a,給湯器,パロマ 給湯器 28号 都市ガス 13A ふろ給湯 追い炊き付き,台,28号,B,E10,https://www.sunrefre.jp/gas/contents/gousu/,家庭用28号は非実在(16/20/24のみ)
0521929ac3f2,給湯器,パロマ 給湯器 28号 都市ガス 13A ふろ給湯（BF）,台,28号,B,E10,https://www.sunrefre.jp/gas/contents/gousu/,家庭用28号は非実在(16/20/24のみ)
c3cb598bcc4c,給湯器,パロマ 給湯器 28号 都市ガス 13A 床暖房対応,台,28号,B,E10,https://www.sunrefre.jp/gas/contents/gousu/,家庭用28号は非実在(16/20/24のみ)
77a5b74a1ba9,給湯器,パロマ 給湯器 28号 都市ガス 13A 暖房熱源機,台,28号,B,E10,https://www.sunrefre.jp/gas/contents/gousu/,家庭用28号は非実在(16/20/24のみ)
8711d0c2d7c8,給湯器,パロマ 給湯器 28号 都市ガス 13A 給湯専用,台,28号,B,E10,https://www.sunrefre.jp/gas/contents/gousu/,家庭用28号は非実在(16/20/24のみ)
90fecb3c9b2c,給湯器,パロマ 給湯器 28号 電気（ヒートポンプ） ふろ給湯 フルオート,台,パロマ×エコキュート,A,E04,https://www.paloma.co.jp/,エコキュート無し(ハイブリッドは別物)
80c0f6548227,給湯器,パロマ 給湯器 28号 電気（ヒートポンプ） 給湯専用,台,パロマ×エコキュート,A,E04,https://www.paloma.co.jp/,エコキュート無し(ハイブリッドは別物)
6c375cbd14c2,給湯器,パーパス 給湯器 28号 エコジョーズ追い焚き付き,台,28号,B,E10,https://www.sunrefre.jp/gas/contents/gousu/,家庭用28号は非実在(16/20/24のみ)
31993d97a438,給湯器,パーパス 給湯器 28号 標準,台,28号,B,E10,https://www.sunrefre.jp/gas/contents/gousu/,家庭用28号は非実在(16/20/24のみ)
4e595bafdf06,給湯器,パーパス 給湯器（28号 エコジョーズ追い焚き）,台,28号,B,E10,https://www.sunrefre.jp/gas/contents/gousu/,家庭用28号は非実在(16/20/24のみ)
0614113c81b3,給湯器,パーパス 給湯器（28号 エコジョーズ）,台,28号,B,E10,https://www.sunrefre.jp/gas/contents/gousu/,家庭用28号は非実在(16/20/24のみ)
7d4a7f3a0da9,給湯器,パーパス 給湯器（28号 標準）,台,28号,B,E10,https://www.sunrefre.jp/gas/contents/gousu/,家庭用28号は非実在(16/20/24のみ)
1f6db70e1bf7,給湯器,リンナイ 給湯器 16号 石油（灯油） ふろ給湯 フルオート,台,リンナイ×石油,A,E03,https://rinnai.jp/products/,リンナイに石油給湯器無し
85428acc82e3,給湯器,リンナイ 給湯器 16号 石油（灯油） ふろ給湯 追い炊き付き,台,リンナイ×石油,A,E03,https://rinnai.jp/products/,リンナイに石油給湯器無し
5aef2656f6e5,給湯器,リンナイ 給湯器 16号 石油（灯油） ふろ給湯（BF）,台,リンナイ×石油,A,E03,https://rinnai.jp/products/,リンナイに石油給湯器無し
a2d544703694,給湯器,リンナイ 給湯器 16号 石油（灯油） 暖房熱源機,台,リンナイ×石油,A,E03,https://rinnai.jp/products/,リンナイに石油給湯器無し
219f675622da,給湯器,リンナイ 給湯器 16号 石油（灯油） 給湯専用,台,リンナイ×石油,A,E03,https://rinnai.jp/products/,リンナイに石油給湯器無し
b51a9fc6cecf,給湯器,リンナイ 給湯器 16号 電気（ヒートポンプ） ふろ給湯 フルオート,台,リンナイ×エコキュート,A,E03,https://rinnai.jp/products/,エコキュート無し(ハイブリッドは別物)
dbf1c0ea3780,給湯器,リンナイ 給湯器 16号 電気（ヒートポンプ） 給湯専用,台,リンナイ×エコキュート,A,E03,https://rinnai.jp/products/,エコキュート無し(ハイブリッドは別物)
e1e8b11fb224,給湯器,リンナイ 給湯器 20号 石油（灯油） ふろ給湯 フルオート,台,リンナイ×石油,A,E03,https://rinnai.jp/products/,リンナイに石油給湯器無し
19d5d85f2160,給湯器,リンナイ 給湯器 20号 石油（灯油） ふろ給湯 追い炊き付き,台,リンナイ×石油,A,E03,https://rinnai.jp/products/,リンナイに石油給湯器無し
1b0d7a9c4280,給湯器,リンナイ 給湯器 20号 石油（灯油） ふろ給湯（BF）,台,リンナイ×石油,A,E03,https://rinnai.jp/products/,リンナイに石油給湯器無し
bd10b241dbc7,給湯器,リンナイ 給湯器 20号 石油（灯油） 床暖房対応,台,リンナイ×石油,A,E03,https://rinnai.jp/products/,リンナイに石油給湯器無し
10fac4fcc393,給湯器,リンナイ 給湯器 20号 石油（灯油） 暖房熱源機,台,リンナイ×石油,A,E03,https://rinnai.jp/products/,リンナイに石油給湯器無し
99bd1b4b3b18,給湯器,リンナイ 給湯器 20号 石油（灯油） 給湯専用,台,リンナイ×石油,A,E03,https://rinnai.jp/products/,リンナイに石油給湯器無し
7c7048301e04,給湯器,リンナイ 給湯器 20号 電気（ヒートポンプ） ふろ給湯 フルオート,台,リンナイ×エコキュート,A,E03,https://rinnai.jp/products/,エコキュート無し(ハイブリッドは別物)
81284f27a1b1,給湯器,リンナイ 給湯器 20号 電気（ヒートポンプ） 給湯専用,台,リンナイ×エコキュート,A,E03,https://rinnai.jp/products/,エコキュート無し(ハイブリッドは別物)
2a7a77dc8ae9,給湯器,リンナイ 給湯器 24号 石油（灯油） ふろ給湯 フルオート,台,リンナイ×石油,A,E03,https://rinnai.jp/products/,リンナイに石油給湯器無し
8b78555a1ff5,給湯器,リンナイ 給湯器 24号 石油（灯油） ふろ給湯 追い炊き付き,台,リンナイ×石油,A,E03,https://rinnai.jp/products/,リンナイに石油給湯器無し
84d421946056,給湯器,リンナイ 給湯器 24号 石油（灯油） ふろ給湯（BF）,台,リンナイ×石油,A,E03,https://rinnai.jp/products/,リンナイに石油給湯器無し
4e25cf0bf1d0,給湯器,リンナイ 給湯器 24号 石油（灯油） 床暖房対応,台,リンナイ×石油,A,E03,https://rinnai.jp/products/,リンナイに石油給湯器無し
c0619bc7d84c,給湯器,リンナイ 給湯器 24号 石油（灯油） 暖房熱源機,台,リンナイ×石油,A,E03,https://rinnai.jp/products/,リンナイに石油給湯器無し
6cbd6f2646f6,給湯器,リンナイ 給湯器 24号 石油（灯油） 給湯専用,台,リンナイ×石油,A,E03,https://rinnai.jp/products/,リンナイに石油給湯器無し
6c8f3747df8d,給湯器,リンナイ 給湯器 24号 電気（ヒートポンプ） ふろ給湯 フルオート,台,リンナイ×エコキュート,A,E03,https://rinnai.jp/products/,エコキュート無し(ハイブリッドは別物)
3d097560fa0b,給湯器,リンナイ 給湯器 24号 電気（ヒートポンプ） 給湯専用,台,リンナイ×エコキュート,A,E03,https://rinnai.jp/products/,エコキュート無し(ハイブリッドは別物)
fb3f28f515c9,給湯器,リンナイ 給湯器 28号 LPガス ふろ給湯 フルオート,台,28号,B,E10,https://www.sunrefre.jp/gas/contents/gousu/,家庭用28号は非実在(16/20/24のみ)
f73cff3d0993,給湯器,リンナイ 給湯器 28号 LPガス ふろ給湯 追い炊き付き,台,28号,B,E10,https://www.sunrefre.jp/gas/contents/gousu/,家庭用28号は非実在(16/20/24のみ)
344af40f6fbf,給湯器,リンナイ 給湯器 28号 LPガス ふろ給湯（BF）,台,28号,B,E10,https://www.sunrefre.jp/gas/contents/gousu/,家庭用28号は非実在(16/20/24のみ)
e5b608bf61ea,給湯器,リンナイ 給湯器 28号 LPガス 床暖房対応,台,28号,B,E10,https://www.sunrefre.jp/gas/contents/gousu/,家庭用28号は非実在(16/20/24のみ)
a333932da6ce,給湯器,リンナイ 給湯器 28号 LPガス 暖房熱源機,台,28号,B,E10,https://www.sunrefre.jp/gas/contents/gousu/,家庭用28号は非実在(16/20/24のみ)
940a134a1f4e,給湯器,リンナイ 給湯器 28号 LPガス 給湯専用,台,28号,B,E10,https://www.sunrefre.jp/gas/contents/gousu/,家庭用28号は非実在(16/20/24のみ)
91126a36513c,給湯器,リンナイ 給湯器 28号 エコジョーズ追い焚き付き,台,28号,B,E10,https://www.sunrefre.jp/gas/contents/gousu/,家庭用28号は非実在(16/20/24のみ)
0745ec50da27,給湯器,リンナイ 給湯器 28号 標準,台,28号,B,E10,https://www.sunrefre.jp/gas/contents/gousu/,家庭用28号は非実在(16/20/24のみ)
bf98e45cffab,給湯器,リンナイ 給湯器 28号 石油（灯油） ふろ給湯 フルオート,台,リンナイ×石油,A,E03,https://rinnai.jp/products/,リンナイに石油給湯器無し
522aeb7c2454,給湯器,リンナイ 給湯器 28号 石油（灯油） ふろ給湯 追い炊き付き,台,リンナイ×石油,A,E03,https://rinnai.jp/products/,リンナイに石油給湯器無し
333bcf717a2c,給湯器,リンナイ 給湯器 28号 石油（灯油） ふろ給湯（BF）,台,リンナイ×石油,A,E03,https://rinnai.jp/products/,リンナイに石油給湯器無し
d7c2d4064b25,給湯器,リンナイ 給湯器 28号 石油（灯油） 床暖房対応,台,リンナイ×石油,A,E03,https://rinnai.jp/products/,リンナイに石油給湯器無し
e5d2bd11a9d0,給湯器,リンナイ 給湯器 28号 石油（灯油） 暖房熱源機,台,リンナイ×石油,A,E03,https://rinnai.jp/products/,リンナイに石油給湯器無し
585c38b3639b,給湯器,リンナイ 給湯器 28号 石油（灯油） 給湯専用,台,リンナイ×石油,A,E03,https://rinnai.jp/products/,リンナイに石油給湯器無し
71c3a282c6ef,給湯器,リンナイ 給湯器 28号 都市ガス 13A ふろ給湯 フルオート,台,28号,B,E10,https://www.sunrefre.jp/gas/contents/gousu/,家庭用28号は非実在(16/20/24のみ)
139604b5eb37,給湯器,リンナイ 給湯器 28号 都市ガス 13A ふろ給湯 追い炊き付き,台,28号,B,E10,https://www.sunrefre.jp/gas/contents/gousu/,家庭用28号は非実在(16/20/24のみ)
4aa065c1c255,給湯器,リンナイ 給湯器 28号 都市ガス 13A ふろ給湯（BF）,台,28号,B,E10,https://www.sunrefre.jp/gas/contents/gousu/,家庭用28号は非実在(16/20/24のみ)
1ba718b86807,給湯器,リンナイ 給湯器 28号 都市ガス 13A 床暖房対応,台,28号,B,E10,https://www.sunrefre.jp/gas/contents/gousu/,家庭用28号は非実在(16/20/24のみ)
90bc7b0e1faa,給湯器,リンナイ 給湯器 28号 都市ガス 13A 暖房熱源機,台,28号,B,E10,https://www.sunrefre.jp/gas/contents/gousu/,家庭用28号は非実在(16/20/24のみ)
1e9b73e78fc9,給湯器,リンナイ 給湯器 28号 都市ガス 13A 給湯専用,台,28号,B,E10,https://www.sunrefre.jp/gas/contents/gousu/,家庭用28号は非実在(16/20/24のみ)
5367e8ce8058,給湯器,リンナイ 給湯器 28号 電気（ヒートポンプ） ふろ給湯 フルオート,台,リンナイ×エコキュート,A,E03,https://rinnai.jp/products/,エコキュート無し(ハイブリッドは別物)
af5badf6a747,給湯器,リンナイ 給湯器 28号 電気（ヒートポンプ） 給湯専用,台,リンナイ×エコキュート,A,E03,https://rinnai.jp/products/,エコキュート無し(ハイブリッドは別物)
8433f2d44edb,給湯器,リンナイ 給湯器（28号 エコジョーズ追い焚き）,台,28号,B,E10,https://www.sunrefre.jp/gas/contents/gousu/,家庭用28号は非実在(16/20/24のみ)
6b5c3d2c163e,給湯器,リンナイ 給湯器（28号 エコジョーズ）,台,28号,B,E10,https://www.sunrefre.jp/gas/contents/gousu/,家庭用28号は非実在(16/20/24のみ)
a8939232b07a,給湯器,リンナイ 給湯器（28号 標準）,台,28号,B,E10,https://www.sunrefre.jp/gas/contents/gousu/,家庭用28号は非実在(16/20/24のみ)
0383a0e4f66f,給湯器,三菱電機 給湯器 16号 LPガス ふろ給湯 フルオート,台,三菱×ガス/石油,A,E08,https://www.mitsubishielectric.co.jp/home/ecocute/,三菱はエコキュートのみ
1550f298cc25,給湯器,三菱電機 給湯器 16号 LPガス ふろ給湯 追い炊き付き,台,三菱×ガス/石油,A,E08,https://www.mitsubishielectric.co.jp/home/ecocute/,三菱はエコキュートのみ
9cae8bce9c62,給湯器,三菱電機 給湯器 16号 LPガス ふろ給湯（BF）,台,三菱×ガス/石油,A,E08,https://www.mitsubishielectric.co.jp/home/ecocute/,三菱はエコキュートのみ
7c31a10e8ef0,給湯器,三菱電機 給湯器 16号 LPガス 暖房熱源機,台,三菱×ガス/石油,A,E08,https://www.mitsubishielectric.co.jp/home/ecocute/,三菱はエコキュートのみ
0204eed9dd08,給湯器,三菱電機 給湯器 16号 LPガス 給湯専用,台,三菱×ガス/石油,A,E08,https://www.mitsubishielectric.co.jp/home/ecocute/,三菱はエコキュートのみ
4083b8b49f2a,給湯器,三菱電機 給湯器 16号 石油（灯油） ふろ給湯 フルオート,台,三菱×ガス/石油,A,E08,https://www.mitsubishielectric.co.jp/home/ecocute/,三菱はエコキュートのみ
6ec6aea24308,給湯器,三菱電機 給湯器 16号 石油（灯油） ふろ給湯 追い炊き付き,台,三菱×ガス/石油,A,E08,https://www.mitsubishielectric.co.jp/home/ecocute/,三菱はエコキュートのみ
5a42899de51e,給湯器,三菱電機 給湯器 16号 石油（灯油） ふろ給湯（BF）,台,三菱×ガス/石油,A,E08,https://www.mitsubishielectric.co.jp/home/ecocute/,三菱はエコキュートのみ
2c6d9011296c,給湯器,三菱電機 給湯器 16号 石油（灯油） 暖房熱源機,台,三菱×ガス/石油,A,E08,https://www.mitsubishielectric.co.jp/home/ecocute/,三菱はエコキュートのみ
32191ddae4fd,給湯器,三菱電機 給湯器 16号 石油（灯油） 給湯専用,台,三菱×ガス/石油,A,E08,https://www.mitsubishielectric.co.jp/home/ecocute/,三菱はエコキュートのみ
98f66c1dd39d,給湯器,三菱電機 給湯器 16号 都市ガス 13A ふろ給湯 フルオート,台,三菱×ガス/石油,A,E08,https://www.mitsubishielectric.co.jp/home/ecocute/,三菱はエコキュートのみ
0d999ee797e8,給湯器,三菱電機 給湯器 16号 都市ガス 13A ふろ給湯 追い炊き付き,台,三菱×ガス/石油,A,E08,https://www.mitsubishielectric.co.jp/home/ecocute/,三菱はエコキュートのみ
5a2998cb9858,給湯器,三菱電機 給湯器 16号 都市ガス 13A ふろ給湯（BF）,台,三菱×ガス/石油,A,E08,https://www.mitsubishielectric.co.jp/home/ecocute/,三菱はエコキュートのみ
4bbf78f74751,給湯器,三菱電機 給湯器 16号 都市ガス 13A 暖房熱源機,台,三菱×ガス/石油,A,E08,https://www.mitsubishielectric.co.jp/home/ecocute/,三菱はエコキュートのみ
71986c7db480,給湯器,三菱電機 給湯器 16号 都市ガス 13A 給湯専用,台,三菱×ガス/石油,A,E08,https://www.mitsubishielectric.co.jp/home/ecocute/,三菱はエコキュートのみ
71ce3be72a06,給湯器,三菱電機 給湯器 20号 LPガス ふろ給湯 フルオート,台,三菱×ガス/石油,A,E08,https://www.mitsubishielectric.co.jp/home/ecocute/,三菱はエコキュートのみ
8c28db8191ab,給湯器,三菱電機 給湯器 20号 LPガス ふろ給湯 追い炊き付き,台,三菱×ガス/石油,A,E08,https://www.mitsubishielectric.co.jp/home/ecocute/,三菱はエコキュートのみ
0f3cccd40ba4,給湯器,三菱電機 給湯器 20号 LPガス ふろ給湯（BF）,台,三菱×ガス/石油,A,E08,https://www.mitsubishielectric.co.jp/home/ecocute/,三菱はエコキュートのみ
ba0b0bbadd2e,給湯器,三菱電機 給湯器 20号 LPガス 床暖房対応,台,三菱×ガス/石油,A,E08,https://www.mitsubishielectric.co.jp/home/ecocute/,三菱はエコキュートのみ
016cdfffaee3,給湯器,三菱電機 給湯器 20号 LPガス 暖房熱源機,台,三菱×ガス/石油,A,E08,https://www.mitsubishielectric.co.jp/home/ecocute/,三菱はエコキュートのみ
dbeac56f1431,給湯器,三菱電機 給湯器 20号 LPガス 給湯専用,台,三菱×ガス/石油,A,E08,https://www.mitsubishielectric.co.jp/home/ecocute/,三菱はエコキュートのみ
db6a086dd45a,給湯器,三菱電機 給湯器 20号 石油（灯油） ふろ給湯 フルオート,台,三菱×ガス/石油,A,E08,https://www.mitsubishielectric.co.jp/home/ecocute/,三菱はエコキュートのみ
94cca87fa6c0,給湯器,三菱電機 給湯器 20号 石油（灯油） ふろ給湯 追い炊き付き,台,三菱×ガス/石油,A,E08,https://www.mitsubishielectric.co.jp/home/ecocute/,三菱はエコキュートのみ
65481aa9d07f,給湯器,三菱電機 給湯器 20号 石油（灯油） ふろ給湯（BF）,台,三菱×ガス/石油,A,E08,https://www.mitsubishielectric.co.jp/home/ecocute/,三菱はエコキュートのみ
be2b989fe90c,給湯器,三菱電機 給湯器 20号 石油（灯油） 床暖房対応,台,三菱×ガス/石油,A,E08,https://www.mitsubishielectric.co.jp/home/ecocute/,三菱はエコキュートのみ
a419b04c5180,給湯器,三菱電機 給湯器 20号 石油（灯油） 暖房熱源機,台,三菱×ガス/石油,A,E08,https://www.mitsubishielectric.co.jp/home/ecocute/,三菱はエコキュートのみ
fff6882473d6,給湯器,三菱電機 給湯器 20号 石油（灯油） 給湯専用,台,三菱×ガス/石油,A,E08,https://www.mitsubishielectric.co.jp/home/ecocute/,三菱はエコキュートのみ
2f04c4ac52e9,給湯器,三菱電機 給湯器 20号 都市ガス 13A ふろ給湯 フルオート,台,三菱×ガス/石油,A,E08,https://www.mitsubishielectric.co.jp/home/ecocute/,三菱はエコキュートのみ
2a8ab19c9477,給湯器,三菱電機 給湯器 20号 都市ガス 13A ふろ給湯 追い炊き付き,台,三菱×ガス/石油,A,E08,https://www.mitsubishielectric.co.jp/home/ecocute/,三菱はエコキュートのみ
27d43474372c,給湯器,三菱電機 給湯器 20号 都市ガス 13A ふろ給湯（BF）,台,三菱×ガス/石油,A,E08,https://www.mitsubishielectric.co.jp/home/ecocute/,三菱はエコキュートのみ
8f8aaa6342a4,給湯器,三菱電機 給湯器 20号 都市ガス 13A 床暖房対応,台,三菱×ガス/石油,A,E08,https://www.mitsubishielectric.co.jp/home/ecocute/,三菱はエコキュートのみ
ae76d1842c0d,給湯器,三菱電機 給湯器 20号 都市ガス 13A 暖房熱源機,台,三菱×ガス/石油,A,E08,https://www.mitsubishielectric.co.jp/home/ecocute/,三菱はエコキュートのみ
2215304759fc,給湯器,三菱電機 給湯器 20号 都市ガス 13A 給湯専用,台,三菱×ガス/石油,A,E08,https://www.mitsubishielectric.co.jp/home/ecocute/,三菱はエコキュートのみ
a3810f1f7b7f,給湯器,三菱電機 給湯器 24号 LPガス ふろ給湯 フルオート,台,三菱×ガス/石油,A,E08,https://www.mitsubishielectric.co.jp/home/ecocute/,三菱はエコキュートのみ
27e673b00b71,給湯器,三菱電機 給湯器 24号 LPガス ふろ給湯 追い炊き付き,台,三菱×ガス/石油,A,E08,https://www.mitsubishielectric.co.jp/home/ecocute/,三菱はエコキュートのみ
120a3e5177f2,給湯器,三菱電機 給湯器 24号 LPガス ふろ給湯（BF）,台,三菱×ガス/石油,A,E08,https://www.mitsubishielectric.co.jp/home/ecocute/,三菱はエコキュートのみ
6592dcf31a64,給湯器,三菱電機 給湯器 24号 LPガス 床暖房対応,台,三菱×ガス/石油,A,E08,https://www.mitsubishielectric.co.jp/home/ecocute/,三菱はエコキュートのみ
b2bbbad4467f,給湯器,三菱電機 給湯器 24号 LPガス 暖房熱源機,台,三菱×ガス/石油,A,E08,https://www.mitsubishielectric.co.jp/home/ecocute/,三菱はエコキュートのみ
e5570ad4317f,給湯器,三菱電機 給湯器 24号 LPガス 給湯専用,台,三菱×ガス/石油,A,E08,https://www.mitsubishielectric.co.jp/home/ecocute/,三菱はエコキュートのみ
f019d7fd643d,給湯器,三菱電機 給湯器 24号 石油（灯油） ふろ給湯 フルオート,台,三菱×ガス/石油,A,E08,https://www.mitsubishielectric.co.jp/home/ecocute/,三菱はエコキュートのみ
295192171c87,給湯器,三菱電機 給湯器 24号 石油（灯油） ふろ給湯 追い炊き付き,台,三菱×ガス/石油,A,E08,https://www.mitsubishielectric.co.jp/home/ecocute/,三菱はエコキュートのみ
45b40e12eb1c,給湯器,三菱電機 給湯器 24号 石油（灯油） ふろ給湯（BF）,台,三菱×ガス/石油,A,E08,https://www.mitsubishielectric.co.jp/home/ecocute/,三菱はエコキュートのみ
c0a11821e549,給湯器,三菱電機 給湯器 24号 石油（灯油） 床暖房対応,台,三菱×ガス/石油,A,E08,https://www.mitsubishielectric.co.jp/home/ecocute/,三菱はエコキュートのみ
0e6838dfb303,給湯器,三菱電機 給湯器 24号 石油（灯油） 暖房熱源機,台,三菱×ガス/石油,A,E08,https://www.mitsubishielectric.co.jp/home/ecocute/,三菱はエコキュートのみ
9aa6e54f9f62,給湯器,三菱電機 給湯器 24号 石油（灯油） 給湯専用,台,三菱×ガス/石油,A,E08,https://www.mitsubishielectric.co.jp/home/ecocute/,三菱はエコキュートのみ
fbb24d429257,給湯器,三菱電機 給湯器 24号 都市ガス 13A ふろ給湯 フルオート,台,三菱×ガス/石油,A,E08,https://www.mitsubishielectric.co.jp/home/ecocute/,三菱はエコキュートのみ
f173d309ea18,給湯器,三菱電機 給湯器 24号 都市ガス 13A ふろ給湯 追い炊き付き,台,三菱×ガス/石油,A,E08,https://www.mitsubishielectric.co.jp/home/ecocute/,三菱はエコキュートのみ
01cbd90478a0,給湯器,三菱電機 給湯器 24号 都市ガス 13A ふろ給湯（BF）,台,三菱×ガス/石油,A,E08,https://www.mitsubishielectric.co.jp/home/ecocute/,三菱はエコキュートのみ
21efd595257d,給湯器,三菱電機 給湯器 24号 都市ガス 13A 床暖房対応,台,三菱×ガス/石油,A,E08,https://www.mitsubishielectric.co.jp/home/ecocute/,三菱はエコキュートのみ
a0e47232a934,給湯器,三菱電機 給湯器 24号 都市ガス 13A 暖房熱源機,台,三菱×ガス/石油,A,E08,https://www.mitsubishielectric.co.jp/home/ecocute/,三菱はエコキュートのみ
06c3d619b4e0,給湯器,三菱電機 給湯器 24号 都市ガス 13A 給湯専用,台,三菱×ガス/石油,A,E08,https://www.mitsubishielectric.co.jp/home/ecocute/,三菱はエコキュートのみ
d58e4c064990,給湯器,三菱電機 給湯器 28号 LPガス ふろ給湯 フルオート,台,三菱×ガス/石油,A,E08,https://www.mitsubishielectric.co.jp/home/ecocute/,三菱はエコキュートのみ
eaba53894df7,給湯器,三菱電機 給湯器 28号 LPガス ふろ給湯 追い炊き付き,台,三菱×ガス/石油,A,E08,https://www.mitsubishielectric.co.jp/home/ecocute/,三菱はエコキュートのみ
1382aa99c729,給湯器,三菱電機 給湯器 28号 LPガス ふろ給湯（BF）,台,三菱×ガス/石油,A,E08,https://www.mitsubishielectric.co.jp/home/ecocute/,三菱はエコキュートのみ
ef5ea8d3a999,給湯器,三菱電機 給湯器 28号 LPガス 床暖房対応,台,三菱×ガス/石油,A,E08,https://www.mitsubishielectric.co.jp/home/ecocute/,三菱はエコキュートのみ
17f000eab1b1,給湯器,三菱電機 給湯器 28号 LPガス 暖房熱源機,台,三菱×ガス/石油,A,E08,https://www.mitsubishielectric.co.jp/home/ecocute/,三菱はエコキュートのみ
026d4bb26fb1,給湯器,三菱電機 給湯器 28号 LPガス 給湯専用,台,三菱×ガス/石油,A,E08,https://www.mitsubishielectric.co.jp/home/ecocute/,三菱はエコキュートのみ
9ec64be7f3ff,給湯器,三菱電機 給湯器 28号 石油（灯油） ふろ給湯 フルオート,台,三菱×ガス/石油,A,E08,https://www.mitsubishielectric.co.jp/home/ecocute/,三菱はエコキュートのみ
fc089d996f77,給湯器,三菱電機 給湯器 28号 石油（灯油） ふろ給湯 追い炊き付き,台,三菱×ガス/石油,A,E08,https://www.mitsubishielectric.co.jp/home/ecocute/,三菱はエコキュートのみ
ae0c2faaea5b,給湯器,三菱電機 給湯器 28号 石油（灯油） ふろ給湯（BF）,台,三菱×ガス/石油,A,E08,https://www.mitsubishielectric.co.jp/home/ecocute/,三菱はエコキュートのみ
8c3ae7e15ff6,給湯器,三菱電機 給湯器 28号 石油（灯油） 床暖房対応,台,三菱×ガス/石油,A,E08,https://www.mitsubishielectric.co.jp/home/ecocute/,三菱はエコキュートのみ
3f3929e34fa6,給湯器,三菱電機 給湯器 28号 石油（灯油） 暖房熱源機,台,三菱×ガス/石油,A,E08,https://www.mitsubishielectric.co.jp/home/ecocute/,三菱はエコキュートのみ
9cc0f8e94ae6,給湯器,三菱電機 給湯器 28号 石油（灯油） 給湯専用,台,三菱×ガス/石油,A,E08,https://www.mitsubishielectric.co.jp/home/ecocute/,三菱はエコキュートのみ
2946671cc155,給湯器,三菱電機 給湯器 28号 都市ガス 13A ふろ給湯 フルオート,台,三菱×ガス/石油,A,E08,https://www.mitsubishielectric.co.jp/home/ecocute/,三菱はエコキュートのみ
3f7337c335a9,給湯器,三菱電機 給湯器 28号 都市ガス 13A ふろ給湯 追い炊き付き,台,三菱×ガス/石油,A,E08,https://www.mitsubishielectric.co.jp/home/ecocute/,三菱はエコキュートのみ
8f57d72e5d98,給湯器,三菱電機 給湯器 28号 都市ガス 13A ふろ給湯（BF）,台,三菱×ガス/石油,A,E08,https://www.mitsubishielectric.co.jp/home/ecocute/,三菱はエコキュートのみ
3d805603c62b,給湯器,三菱電機 給湯器 28号 都市ガス 13A 床暖房対応,台,三菱×ガス/石油,A,E08,https://www.mitsubishielectric.co.jp/home/ecocute/,三菱はエコキュートのみ
64ed078fbc19,給湯器,三菱電機 給湯器 28号 都市ガス 13A 暖房熱源機,台,三菱×ガス/石油,A,E08,https://www.mitsubishielectric.co.jp/home/ecocute/,三菱はエコキュートのみ
14a6820af146,給湯器,三菱電機 給湯器 28号 都市ガス 13A 給湯専用,台,三菱×ガス/石油,A,E08,https://www.mitsubishielectric.co.jp/home/ecocute/,三菱はエコキュートのみ
d0d38c3c6153,給湯器,長府製作所 給湯器 28号 LPガス ふろ給湯 フルオート,台,28号,B,E10,https://www.sunrefre.jp/gas/contents/gousu/,家庭用28号は非実在(16/20/24のみ)
26d518049d7c,給湯器,長府製作所 給湯器 28号 LPガス ふろ給湯 追い炊き付き,台,28号,B,E10,https://www.sunrefre.jp/gas/contents/gousu/,家庭用28号は非実在(16/20/24のみ)
9d8579ef1a06,給湯器,長府製作所 給湯器 28号 LPガス ふろ給湯（BF）,台,28号,B,E10,https://www.sunrefre.jp/gas/contents/gousu/,家庭用28号は非実在(16/20/24のみ)
d22cd018fb78,給湯器,長府製作所 給湯器 28号 LPガス 床暖房対応,台,28号,B,E10,https://www.sunrefre.jp/gas/contents/gousu/,家庭用28号は非実在(16/20/24のみ)
c7eb7a3972d4,給湯器,長府製作所 給湯器 28号 LPガス 暖房熱源機,台,28号,B,E10,https://www.sunrefre.jp/gas/contents/gousu/,家庭用28号は非実在(16/20/24のみ)
4379cca75c69,給湯器,長府製作所 給湯器 28号 LPガス 給湯専用,台,28号,B,E10,https://www.sunrefre.jp/gas/contents/gousu/,家庭用28号は非実在(16/20/24のみ)
fa48bc3edb8e,給湯器,長府製作所 給湯器 28号 石油（灯油） ふろ給湯 フルオート,台,28号,B,E10,https://www.sunrefre.jp/gas/contents/gousu/,家庭用28号は非実在(16/20/24のみ)
d0c85b52498b,給湯器,長府製作所 給湯器 28号 石油（灯油） ふろ給湯 追い炊き付き,台,28号,B,E10,https://www.sunrefre.jp/gas/contents/gousu/,家庭用28号は非実在(16/20/24のみ)
fb5d94eff596,給湯器,長府製作所 給湯器 28号 石油（灯油） ふろ給湯（BF）,台,28号,B,E10,https://www.sunrefre.jp/gas/contents/gousu/,家庭用28号は非実在(16/20/24のみ)
4228e3c9bbe5,給湯器,長府製作所 給湯器 28号 石油（灯油） 床暖房対応,台,28号,B,E10,https://www.sunrefre.jp/gas/contents/gousu/,家庭用28号は非実在(16/20/24のみ)
06269b5829c8,給湯器,長府製作所 給湯器 28号 石油（灯油） 暖房熱源機,台,28号,B,E10,https://www.sunrefre.jp/gas/contents/gousu/,家庭用28号は非実在(16/20/24のみ)
2d095b53d4ec,給湯器,長府製作所 給湯器 28号 石油（灯油） 給湯専用,台,28号,B,E10,https://www.sunrefre.jp/gas/contents/gousu/,家庭用28号は非実在(16/20/24のみ)
d565116a48e3,給湯器,長府製作所 給湯器 28号 都市ガス 13A ふろ給湯 フルオート,台,28号,B,E10,https://www.sunrefre.jp/gas/contents/gousu/,家庭用28号は非実在(16/20/24のみ)
c171389e22ce,給湯器,長府製作所 給湯器 28号 都市ガス 13A ふろ給湯 追い炊き付き,台,28号,B,E10,https://www.sunrefre.jp/gas/contents/gousu/,家庭用28号は非実在(16/20/24のみ)
caea5b79322a,給湯器,長府製作所 給湯器 28号 都市ガス 13A ふろ給湯（BF）,台,28号,B,E10,https://www.sunrefre.jp/gas/contents/gousu/,家庭用28号は非実在(16/20/24のみ)
6d71450963e1,給湯器,長府製作所 給湯器 28号 都市ガス 13A 床暖房対応,台,28号,B,E10,https://www.sunrefre.jp/gas/contents/gousu/,家庭用28号は非実在(16/20/24のみ)
db8de7511402,給湯器,長府製作所 給湯器 28号 都市ガス 13A 暖房熱源機,台,28号,B,E10,https://www.sunrefre.jp/gas/contents/gousu/,家庭用28号は非実在(16/20/24のみ)
4bb5556042ce,給湯器,長府製作所 給湯器 28号 都市ガス 13A 給湯専用,台,28号,B,E10,https://www.sunrefre.jp/gas/contents/gousu/,家庭用28号は非実在(16/20/24のみ)
7d5c005283a6,家電・AV設備,アクア フレンチドア 600L,台,アクア×冷蔵庫600L,A,E23,https://aqua-has.com/fridge/,現行最大501L、600L級は非実在
fda80395f8e5,家電・AV設備,アクア フレンチドア 700L（大型）,台,アクア×冷蔵庫700L,A,E23,https://aqua-has.com/fridge/,現行最大501L、700L級は非実在
18573299ec53,家電・AV設備,シャープ（冷蔵庫） フレンチドア 600L,台,シャープ×冷蔵庫600L,A,E24,https://jp.sharp/reizo/products/sjmf55p/spec/,現行最大545L、600L級は非実在
529ef9330ceb,家電・AV設備,シャープ（冷蔵庫） フレンチドア 700L（大型）,台,シャープ×冷蔵庫700L,A,E24,https://jp.sharp/reizo/products/sjmf55p/spec/,現行最大545L、700L級は非実在
4cf484f170c1,家電・AV設備,パナソニック（冷蔵庫） フレンチドア 700L（大型）,台,パナソニック×冷蔵庫700L,A,E27,https://panasonic.jp/reizo/products/NR-F65WX2.html,現行最大650L、700L級は非実在
5d01c94fa05b,家電・AV設備,東芝（冷蔵庫） フレンチドア 700L（大型）,台,東芝×冷蔵庫700L,A,E25,https://www.toshiba-lifestyle.com/jp/refrigerators/,現行最大643L、700L級は非実在
a9b7df180643,スポーツ・特殊床材,アルインコ（ジム） エアコン（ジム専用 業務用 10馬力）,台,アルインコ×空調,A,E34,https://alinco.co.jp/,アルインコに空調事業無し
f905ec65e87a,エアコン・空調,コロナ エアコン 20畳用 スタンダード,台,コロナ×20畳,A,F09,https://www.corona.co.jp/aircon/w/lineup.html,現行最大18畳、20畳級は非実在
c45f3495cdcf,エアコン・空調,コロナ エアコン 20畳用 プレミアム,台,コロナ×20畳,A,F09,https://www.corona.co.jp/aircon/w/lineup.html,現行最大18畳、20畳級は非実在
e590ea366944,エアコン・空調,コロナ エアコン 20畳用 ミドル,台,コロナ×20畳,A,F09,https://www.corona.co.jp/aircon/w/lineup.html,現行最大18畳、20畳級は非実在
03f7927eaeb5,エアコン・空調,シャープ エアコン 10畳用 2.8kW エントリー 加湿機能付き,台,加湿×下位グレード,A,F01,https://www.ac.daikin.co.jp/roomaircon,加湿は上位機専用機能・下位グレードに非実在
b15155741e67,エアコン・空調,シャープ エアコン 10畳用 2.8kW スタンダード 加湿機能付き,台,加湿×下位グレード,A,F01,https://www.ac.daikin.co.jp/roomaircon,加湿は上位機専用機能・下位グレードに非実在
39c6e163c5a7,エアコン・空調,シャープ エアコン 10畳用 2.8kW スタンダード 換気機能付き,台,換気×シャープ,B,F21,https://kakaku.com/housing/extractor-fan/,現行換気扇無し
91093d894434,エアコン・空調,シャープ エアコン 10畳用 2.8kW 上位 加湿機能付き,台,加湿×シャープ,A,F05,https://kadenfan.hitachi.co.jp/ra/lineup/xseries_26/,当該メーカーに加湿機能付き現行無し
6389910206b9,エアコン・空調,シャープ エアコン 10畳用 2.8kW 上位 換気機能付き,台,換気×シャープ,B,F21,https://kakaku.com/housing/extractor-fan/,現行換気扇無し
98ac512c0e83,エアコン・空調,シャープ エアコン 10畳用 2.8kW 最上位 加湿機能付き,台,加湿×シャープ,A,F05,https://kadenfan.hitachi.co.jp/ra/lineup/xseries_26/,当該メーカーに加湿機能付き現行無し
67fd9400b532,エアコン・空調,シャープ エアコン 10畳用 2.8kW 最上位 換気機能付き,台,換気×シャープ,B,F21,https://kakaku.com/housing/extractor-fan/,現行換気扇無し
a6757a6ffffb,エアコン・空調,シャープ エアコン 12畳用 3.6kW エントリー 加湿機能付き,台,加湿×下位グレード,A,F01,https://www.ac.daikin.co.jp/roomaircon,加湿は上位機専用機能・下位グレードに非実在
66ec13c9a601,エアコン・空調,シャープ エアコン 12畳用 3.6kW スタンダード 加湿機能付き,台,加湿×下位グレード,A,F01,https://www.ac.daikin.co.jp/roomaircon,加湿は上位機専用機能・下位グレードに非実在
012b0a9d5ac7,エアコン・空調,シャープ エアコン 12畳用 3.6kW スタンダード 換気機能付き,台,換気×シャープ,B,F21,https://kakaku.com/housing/extractor-fan/,現行換気扇無し
9d5c79250ac2,エアコン・空調,シャープ エアコン 12畳用 3.6kW 上位 加湿機能付き,台,加湿×シャープ,A,F05,https://kadenfan.hitachi.co.jp/ra/lineup/xseries_26/,当該メーカーに加湿機能付き現行無し
5755a57bdda9,エアコン・空調,シャープ エアコン 12畳用 3.6kW 上位 換気機能付き,台,換気×シャープ,B,F21,https://kakaku.com/housing/extractor-fan/,現行換気扇無し
13b4cd6712ed,エアコン・空調,シャープ エアコン 12畳用 3.6kW 最上位 加湿機能付き,台,加湿×シャープ,A,F05,https://kadenfan.hitachi.co.jp/ra/lineup/xseries_26/,当該メーカーに加湿機能付き現行無し
b528e40b55a8,エアコン・空調,シャープ エアコン 12畳用 3.6kW 最上位 換気機能付き,台,換気×シャープ,B,F21,https://kakaku.com/housing/extractor-fan/,現行換気扇無し
621ac7816a9b,エアコン・空調,シャープ エアコン 14畳用 4.0kW エントリー 加湿機能付き,台,加湿×下位グレード,A,F01,https://www.ac.daikin.co.jp/roomaircon,加湿は上位機専用機能・下位グレードに非実在
7c178e970e48,エアコン・空調,シャープ エアコン 14畳用 4.0kW スタンダード 加湿機能付き,台,加湿×下位グレード,A,F01,https://www.ac.daikin.co.jp/roomaircon,加湿は上位機専用機能・下位グレードに非実在
77fcb7f18a13,エアコン・空調,シャープ エアコン 14畳用 4.0kW スタンダード 換気機能付き,台,換気×シャープ,B,F21,https://kakaku.com/housing/extractor-fan/,現行換気扇無し
a860cad65752,エアコン・空調,シャープ エアコン 14畳用 4.0kW 上位 加湿機能付き,台,加湿×シャープ,A,F05,https://kadenfan.hitachi.co.jp/ra/lineup/xseries_26/,当該メーカーに加湿機能付き現行無し
34cdcc7c17af,エアコン・空調,シャープ エアコン 14畳用 4.0kW 上位 換気機能付き,台,換気×シャープ,B,F21,https://kakaku.com/housing/extractor-fan/,現行換気扇無し
531f1c0ee551,エアコン・空調,シャープ エアコン 14畳用 4.0kW 最上位 加湿機能付き,台,加湿×シャープ,A,F05,https://kadenfan.hitachi.co.jp/ra/lineup/xseries_26/,当該メーカーに加湿機能付き現行無し
933dce8ef50a,エアコン・空調,シャープ エアコン 14畳用 4.0kW 最上位 換気機能付き,台,換気×シャープ,B,F21,https://kakaku.com/housing/extractor-fan/,現行換気扇無し
8264777fec4f,エアコン・空調,シャープ エアコン 18畳用 5.6kW エントリー 加湿機能付き,台,加湿×下位グレード,A,F01,https://www.ac.daikin.co.jp/roomaircon,加湿は上位機専用機能・下位グレードに非実在
df3031479cb4,エアコン・空調,シャープ エアコン 18畳用 5.6kW スタンダード 加湿機能付き,台,加湿×下位グレード,A,F01,https://www.ac.daikin.co.jp/roomaircon,加湿は上位機専用機能・下位グレードに非実在
a81a9ed1310b,エアコン・空調,シャープ エアコン 18畳用 5.6kW スタンダード 換気機能付き,台,換気×シャープ,B,F21,https://kakaku.com/housing/extractor-fan/,現行換気扇無し
29f6a6b4ae31,エアコン・空調,シャープ エアコン 18畳用 5.6kW 上位 加湿機能付き,台,加湿×シャープ,A,F05,https://kadenfan.hitachi.co.jp/ra/lineup/xseries_26/,当該メーカーに加湿機能付き現行無し
39c01fb30844,エアコン・空調,シャープ エアコン 18畳用 5.6kW 上位 換気機能付き,台,換気×シャープ,B,F21,https://kakaku.com/housing/extractor-fan/,現行換気扇無し
4b024b8a324e,エアコン・空調,シャープ エアコン 18畳用 5.6kW 最上位 加湿機能付き,台,加湿×シャープ,A,F05,https://kadenfan.hitachi.co.jp/ra/lineup/xseries_26/,当該メーカーに加湿機能付き現行無し
9a556d73d4c2,エアコン・空調,シャープ エアコン 18畳用 5.6kW 最上位 換気機能付き,台,換気×シャープ,B,F21,https://kakaku.com/housing/extractor-fan/,現行換気扇無し
7498a52fe508,エアコン・空調,シャープ エアコン 20畳用 6.3kW エントリー 加湿機能付き,台,加湿×下位グレード,A,F01,https://www.ac.daikin.co.jp/roomaircon,加湿は上位機専用機能・下位グレードに非実在
3ff39f72b9b3,エアコン・空調,シャープ エアコン 20畳用 6.3kW スタンダード 加湿機能付き,台,加湿×下位グレード,A,F01,https://www.ac.daikin.co.jp/roomaircon,加湿は上位機専用機能・下位グレードに非実在
2772fe84afdf,エアコン・空調,シャープ エアコン 20畳用 6.3kW スタンダード 換気機能付き,台,換気×シャープ,B,F21,https://kakaku.com/housing/extractor-fan/,現行換気扇無し
5f9ec5f27d80,エアコン・空調,シャープ エアコン 20畳用 6.3kW 上位 加湿機能付き,台,加湿×シャープ,A,F05,https://kadenfan.hitachi.co.jp/ra/lineup/xseries_26/,当該メーカーに加湿機能付き現行無し
6bcf10db96d1,エアコン・空調,シャープ エアコン 20畳用 6.3kW 上位 換気機能付き,台,換気×シャープ,B,F21,https://kakaku.com/housing/extractor-fan/,現行換気扇無し
408fa1a39544,エアコン・空調,シャープ エアコン 20畳用 6.3kW 最上位 加湿機能付き,台,加湿×シャープ,A,F05,https://kadenfan.hitachi.co.jp/ra/lineup/xseries_26/,当該メーカーに加湿機能付き現行無し
56adcbe58b69,エアコン・空調,シャープ エアコン 20畳用 6.3kW 最上位 換気機能付き,台,換気×シャープ,B,F21,https://kakaku.com/housing/extractor-fan/,現行換気扇無し
7a63c0a11a15,エアコン・空調,シャープ エアコン 23畳用 7.1kW エントリー 加湿機能付き,台,加湿×下位グレード,A,F01,https://www.ac.daikin.co.jp/roomaircon,加湿は上位機専用機能・下位グレードに非実在
0b4aaf8b0cbf,エアコン・空調,シャープ エアコン 23畳用 7.1kW スタンダード 加湿機能付き,台,加湿×下位グレード,A,F01,https://www.ac.daikin.co.jp/roomaircon,加湿は上位機専用機能・下位グレードに非実在
5c3f6c8f6171,エアコン・空調,シャープ エアコン 23畳用 7.1kW スタンダード 換気機能付き,台,換気×シャープ,B,F21,https://kakaku.com/housing/extractor-fan/,現行換気扇無し
fa7e33fd8807,エアコン・空調,シャープ エアコン 23畳用 7.1kW 上位 加湿機能付き,台,加湿×シャープ,A,F05,https://kadenfan.hitachi.co.jp/ra/lineup/xseries_26/,当該メーカーに加湿機能付き現行無し
7ca4462d4ac5,エアコン・空調,シャープ エアコン 23畳用 7.1kW 上位 換気機能付き,台,換気×シャープ,B,F21,https://kakaku.com/housing/extractor-fan/,現行換気扇無し
f740ade0f083,エアコン・空調,シャープ エアコン 23畳用 7.1kW 最上位 加湿機能付き,台,加湿×シャープ,A,F05,https://kadenfan.hitachi.co.jp/ra/lineup/xseries_26/,当該メーカーに加湿機能付き現行無し
d83d2efe8c52,エアコン・空調,シャープ エアコン 23畳用 7.1kW 最上位 換気機能付き,台,換気×シャープ,B,F21,https://kakaku.com/housing/extractor-fan/,現行換気扇無し
6470b75ea46b,エアコン・空調,シャープ エアコン 6畳用 2.2kW エントリー 加湿機能付き,台,加湿×下位グレード,A,F01,https://www.ac.daikin.co.jp/roomaircon,加湿は上位機専用機能・下位グレードに非実在
5f1c213954e7,エアコン・空調,シャープ エアコン 6畳用 2.2kW スタンダード 加湿機能付き,台,加湿×下位グレード,A,F01,https://www.ac.daikin.co.jp/roomaircon,加湿は上位機専用機能・下位グレードに非実在
0710028bb876,エアコン・空調,シャープ エアコン 6畳用 2.2kW スタンダード 換気機能付き,台,換気×シャープ,B,F21,https://kakaku.com/housing/extractor-fan/,現行換気扇無し
022f4f204cf8,エアコン・空調,シャープ エアコン 6畳用 2.2kW 上位 加湿機能付き,台,加湿×シャープ,A,F05,https://kadenfan.hitachi.co.jp/ra/lineup/xseries_26/,当該メーカーに加湿機能付き現行無し
eda6715b0f0c,エアコン・空調,シャープ エアコン 6畳用 2.2kW 上位 換気機能付き,台,換気×シャープ,B,F21,https://kakaku.com/housing/extractor-fan/,現行換気扇無し
8c30432289fe,エアコン・空調,シャープ エアコン 8畳用 2.5kW エントリー 加湿機能付き,台,加湿×下位グレード,A,F01,https://www.ac.daikin.co.jp/roomaircon,加湿は上位機専用機能・下位グレードに非実在
6dd9d85918b4,エアコン・空調,シャープ エアコン 8畳用 2.5kW スタンダード 加湿機能付き,台,加湿×下位グレード,A,F01,https://www.ac.daikin.co.jp/roomaircon,加湿は上位機専用機能・下位グレードに非実在
2b6b5418a07b,エアコン・空調,シャープ エアコン 8畳用 2.5kW スタンダード 換気機能付き,台,換気×シャープ,B,F21,https://kakaku.com/housing/extractor-fan/,現行換気扇無し
4deae0e89e25,エアコン・空調,シャープ エアコン 8畳用 2.5kW 上位 加湿機能付き,台,加湿×シャープ,A,F05,https://kadenfan.hitachi.co.jp/ra/lineup/xseries_26/,当該メーカーに加湿機能付き現行無し
9dc3d8fc1499,エアコン・空調,シャープ エアコン 8畳用 2.5kW 上位 換気機能付き,台,換気×シャープ,B,F21,https://kakaku.com/housing/extractor-fan/,現行換気扇無し
576a5d26911b,エアコン・空調,シャープ エアコン 8畳用 2.5kW 最上位 加湿機能付き,台,加湿×シャープ,A,F05,https://kadenfan.hitachi.co.jp/ra/lineup/xseries_26/,当該メーカーに加湿機能付き現行無し
53d8beb66150,エアコン・空調,シャープ エアコン 8畳用 2.5kW 最上位 換気機能付き,台,換気×シャープ,B,F21,https://kakaku.com/housing/extractor-fan/,現行換気扇無し
23ed496054a7,エアコン・空調,スパイラルダクト φ100 アルミ製（軽量） 1m,m,ダクト×アルミ,B,F11,https://www.monotaro.com/,アルミ製スパイラルダクトは非実在
e907897e182b,エアコン・空調,スパイラルダクト φ1000 アルミ製（軽量） 1m,m,ダクト×アルミ,B,F11,https://www.monotaro.com/,アルミ製スパイラルダクトは非実在
0210c0fa1ce3,エアコン・空調,スパイラルダクト φ1120 アルミ製（軽量） 1m,m,ダクト×アルミ,B,F11,https://www.monotaro.com/,アルミ製スパイラルダクトは非実在
e63a029e615c,エアコン・空調,スパイラルダクト φ1120 ステンレス SUS304 1m,m,ダクトφ1120,A,F10,https://www.ko-spiral.co.jp/pdf/01.pdf,標準呼び径外
b31f1ae10157,エアコン・空調,スパイラルダクト φ1120 亜鉛鋼板（標準） 1m,m,ダクトφ1120,A,F10,https://www.ko-spiral.co.jp/pdf/01.pdf,標準呼び径外
c180175d9041,エアコン・空調,スパイラルダクト φ125 アルミ製（軽量） 1m,m,ダクト×アルミ,B,F11,https://www.monotaro.com/,アルミ製スパイラルダクトは非実在
49bf605d112f,エアコン・空調,スパイラルダクト φ1250 アルミ製（軽量） 1m,m,ダクト×アルミ,B,F11,https://www.monotaro.com/,アルミ製スパイラルダクトは非実在
f78570aab19d,エアコン・空調,スパイラルダクト φ150 アルミ製（軽量） 1m,m,ダクト×アルミ,B,F11,https://www.monotaro.com/,アルミ製スパイラルダクトは非実在
8880994d34cc,エアコン・空調,スパイラルダクト φ175 アルミ製（軽量） 1m,m,ダクト×アルミ,B,F11,https://www.monotaro.com/,アルミ製スパイラルダクトは非実在
8f2d38f38038,エアコン・空調,スパイラルダクト φ200 アルミ製（軽量） 1m,m,ダクト×アルミ,B,F11,https://www.monotaro.com/,アルミ製スパイラルダクトは非実在
a062b79f5ace,エアコン・空調,スパイラルダクト φ250 アルミ製（軽量） 1m,m,ダクト×アルミ,B,F11,https://www.monotaro.com/,アルミ製スパイラルダクトは非実在
ece4326f6320,エアコン・空調,スパイラルダクト φ300 アルミ製（軽量） 1m,m,ダクト×アルミ,B,F11,https://www.monotaro.com/,アルミ製スパイラルダクトは非実在
6c7cef213d7c,エアコン・空調,スパイラルダクト φ350 アルミ製（軽量） 1m,m,ダクト×アルミ,B,F11,https://www.monotaro.com/,アルミ製スパイラルダクトは非実在
1ccec9a4a87b,エアコン・空調,スパイラルダクト φ400 アルミ製（軽量） 1m,m,ダクト×アルミ,B,F11,https://www.monotaro.com/,アルミ製スパイラルダクトは非実在
478b55c75438,エアコン・空調,スパイラルダクト φ450 アルミ製（軽量） 1m,m,ダクト×アルミ,B,F11,https://www.monotaro.com/,アルミ製スパイラルダクトは非実在
3bd189a40632,エアコン・空調,スパイラルダクト φ500 アルミ製（軽量） 1m,m,ダクト×アルミ,B,F11,https://www.monotaro.com/,アルミ製スパイラルダクトは非実在
3bcb44855358,エアコン・空調,スパイラルダクト φ560 アルミ製（軽量） 1m,m,ダクト×アルミ,B,F11,https://www.monotaro.com/,アルミ製スパイラルダクトは非実在
31fe60732998,エアコン・空調,スパイラルダクト φ600 アルミ製（軽量） 1m,m,ダクト×アルミ,B,F11,https://www.monotaro.com/,アルミ製スパイラルダクトは非実在
bc9e8fb96472,エアコン・空調,スパイラルダクト φ710 アルミ製（軽量） 1m,m,ダクト×アルミ,B,F11,https://www.monotaro.com/,アルミ製スパイラルダクトは非実在
c63828b10df9,エアコン・空調,スパイラルダクト φ710 ステンレス SUS304 1m,m,ダクトφ710,A,F10,https://www.ko-spiral.co.jp/pdf/01.pdf,標準呼び径外
b1b5b08dedec,エアコン・空調,スパイラルダクト φ710 亜鉛鋼板（標準） 1m,m,ダクトφ710,A,F10,https://www.ko-spiral.co.jp/pdf/01.pdf,標準呼び径外
522d2aaab8da,エアコン・空調,スパイラルダクト φ75 アルミ製（軽量） 1m,m,ダクト×アルミ,B,F11,https://www.monotaro.com/,アルミ製スパイラルダクトは非実在
f93974771666,エアコン・空調,スパイラルダクト φ800 アルミ製（軽量） 1m,m,ダクト×アルミ,B,F11,https://www.monotaro.com/,アルミ製スパイラルダクトは非実在
4bb1bbc00a60,エアコン・空調,スパイラルダクト φ900 アルミ製（軽量） 1m,m,ダクト×アルミ,B,F11,https://www.monotaro.com/,アルミ製スパイラルダクトは非実在
5e866caf93d1,エアコン・空調,ダイキン エアコン 10畳用 2.8kW エントリー 加湿機能付き,台,加湿×下位グレード,A,F01,https://www.ac.daikin.co.jp/roomaircon,加湿は上位機専用機能・下位グレードに非実在
9618395747a3,エアコン・空調,ダイキン エアコン 10畳用 2.8kW スタンダード 加湿機能付き,台,加湿×下位グレード,A,F01,https://www.ac.daikin.co.jp/roomaircon,加湿は上位機専用機能・下位グレードに非実在
193eb20b7a9f,エアコン・空調,ダイキン エアコン 12畳用 3.6kW エントリー 加湿機能付き,台,加湿×下位グレード,A,F01,https://www.ac.daikin.co.jp/roomaircon,加湿は上位機専用機能・下位グレードに非実在
5e88adb0c850,エアコン・空調,ダイキン エアコン 12畳用 3.6kW スタンダード 加湿機能付き,台,加湿×下位グレード,A,F01,https://www.ac.daikin.co.jp/roomaircon,加湿は上位機専用機能・下位グレードに非実在
e4761e11572b,エアコン・空調,ダイキン エアコン 14畳用 4.0kW エントリー 加湿機能付き,台,加湿×下位グレード,A,F01,https://www.ac.daikin.co.jp/roomaircon,加湿は上位機専用機能・下位グレードに非実在
07e48d839df0,エアコン・空調,ダイキン エアコン 14畳用 4.0kW スタンダード 加湿機能付き,台,加湿×下位グレード,A,F01,https://www.ac.daikin.co.jp/roomaircon,加湿は上位機専用機能・下位グレードに非実在
b311566ae489,エアコン・空調,ダイキン エアコン 18畳用 5.6kW エントリー 加湿機能付き,台,加湿×下位グレード,A,F01,https://www.ac.daikin.co.jp/roomaircon,加湿は上位機専用機能・下位グレードに非実在
c22badae4cd6,エアコン・空調,ダイキン エアコン 18畳用 5.6kW スタンダード 加湿機能付き,台,加湿×下位グレード,A,F01,https://www.ac.daikin.co.jp/roomaircon,加湿は上位機専用機能・下位グレードに非実在
f3cdc0c865db,エアコン・空調,ダイキン エアコン 20畳用 6.3kW エントリー 加湿機能付き,台,加湿×下位グレード,A,F01,https://www.ac.daikin.co.jp/roomaircon,加湿は上位機専用機能・下位グレードに非実在
c245c7c71872,エアコン・空調,ダイキン エアコン 20畳用 6.3kW スタンダード 加湿機能付き,台,加湿×下位グレード,A,F01,https://www.ac.daikin.co.jp/roomaircon,加湿は上位機専用機能・下位グレードに非実在
53e7952762ff,エアコン・空調,ダイキン エアコン 23畳用 7.1kW エントリー 加湿機能付き,台,加湿×下位グレード,A,F01,https://www.ac.daikin.co.jp/roomaircon,加湿は上位機専用機能・下位グレードに非実在
e769669e9338,エアコン・空調,ダイキン エアコン 23畳用 7.1kW スタンダード 加湿機能付き,台,加湿×下位グレード,A,F01,https://www.ac.daikin.co.jp/roomaircon,加湿は上位機専用機能・下位グレードに非実在
0b5f40e7a4f2,エアコン・空調,ダイキン エアコン 6畳用 2.2kW エントリー 加湿機能付き,台,加湿×下位グレード,A,F01,https://www.ac.daikin.co.jp/roomaircon,加湿は上位機専用機能・下位グレードに非実在
64969cd3bd13,エアコン・空調,ダイキン エアコン 6畳用 2.2kW スタンダード 加湿機能付き,台,加湿×下位グレード,A,F01,https://www.ac.daikin.co.jp/roomaircon,加湿は上位機専用機能・下位グレードに非実在
7e1509495193,エアコン・空調,ダイキン エアコン 8畳用 2.5kW エントリー 加湿機能付き,台,加湿×下位グレード,A,F01,https://www.ac.daikin.co.jp/roomaircon,加湿は上位機専用機能・下位グレードに非実在
0fccb2569385,エアコン・空調,ダイキン エアコン 8畳用 2.5kW スタンダード 加湿機能付き,台,加湿×下位グレード,A,F01,https://www.ac.daikin.co.jp/roomaircon,加湿は上位機専用機能・下位グレードに非実在
291cef1f319b,エアコン・空調,パナソニック エアコン 10畳用 2.8kW エントリー 加湿機能付き,台,加湿×下位グレード,A,F01,https://www.ac.daikin.co.jp/roomaircon,加湿は上位機専用機能・下位グレードに非実在
036e6d9365b5,エアコン・空調,パナソニック エアコン 10畳用 2.8kW スタンダード 加湿機能付き,台,加湿×下位グレード,A,F01,https://www.ac.daikin.co.jp/roomaircon,加湿は上位機専用機能・下位グレードに非実在
491b8701bd66,エアコン・空調,パナソニック エアコン 12畳用 3.6kW エントリー 加湿機能付き,台,加湿×下位グレード,A,F01,https://www.ac.daikin.co.jp/roomaircon,加湿は上位機専用機能・下位グレードに非実在
0727a1119f44,エアコン・空調,パナソニック エアコン 12畳用 3.6kW スタンダード 加湿機能付き,台,加湿×下位グレード,A,F01,https://www.ac.daikin.co.jp/roomaircon,加湿は上位機専用機能・下位グレードに非実在
a5af66e03c03,エアコン・空調,パナソニック エアコン 14畳用 4.0kW エントリー 加湿機能付き,台,加湿×下位グレード,A,F01,https://www.ac.daikin.co.jp/roomaircon,加湿は上位機専用機能・下位グレードに非実在
752f2aea549f,エアコン・空調,パナソニック エアコン 14畳用 4.0kW スタンダード 加湿機能付き,台,加湿×下位グレード,A,F01,https://www.ac.daikin.co.jp/roomaircon,加湿は上位機専用機能・下位グレードに非実在
36ac96e72774,エアコン・空調,パナソニック エアコン 18畳用 5.6kW エントリー 加湿機能付き,台,加湿×下位グレード,A,F01,https://www.ac.daikin.co.jp/roomaircon,加湿は上位機専用機能・下位グレードに非実在
27977c092b8c,エアコン・空調,パナソニック エアコン 18畳用 5.6kW スタンダード 加湿機能付き,台,加湿×下位グレード,A,F01,https://www.ac.daikin.co.jp/roomaircon,加湿は上位機専用機能・下位グレードに非実在
c37a4fd65b92,エアコン・空調,パナソニック エアコン 20畳用 6.3kW エントリー 加湿機能付き,台,加湿×下位グレード,A,F01,https://www.ac.daikin.co.jp/roomaircon,加湿は上位機専用機能・下位グレードに非実在
6183e3790953,エアコン・空調,パナソニック エアコン 20畳用 6.3kW スタンダード 加湿機能付き,台,加湿×下位グレード,A,F01,https://www.ac.daikin.co.jp/roomaircon,加湿は上位機専用機能・下位グレードに非実在
613aa7f311a6,エアコン・空調,パナソニック エアコン 23畳用 7.1kW エントリー 加湿機能付き,台,加湿×下位グレード,A,F01,https://www.ac.daikin.co.jp/roomaircon,加湿は上位機専用機能・下位グレードに非実在
e558cbb7c0e3,エアコン・空調,パナソニック エアコン 23畳用 7.1kW スタンダード 加湿機能付き,台,加湿×下位グレード,A,F01,https://www.ac.daikin.co.jp/roomaircon,加湿は上位機専用機能・下位グレードに非実在
4d2a808bb1e7,エアコン・空調,パナソニック エアコン 6畳用 2.2kW エントリー 加湿機能付き,台,加湿×下位グレード,A,F01,https://www.ac.daikin.co.jp/roomaircon,加湿は上位機専用機能・下位グレードに非実在
4252b7bb3f59,エアコン・空調,パナソニック エアコン 6畳用 2.2kW スタンダード 加湿機能付き,台,加湿×下位グレード,A,F01,https://www.ac.daikin.co.jp/roomaircon,加湿は上位機専用機能・下位グレードに非実在
15ff0c10e0e8,エアコン・空調,パナソニック エアコン 8畳用 2.5kW エントリー 加湿機能付き,台,加湿×下位グレード,A,F01,https://www.ac.daikin.co.jp/roomaircon,加湿は上位機専用機能・下位グレードに非実在
d4f89e667921,エアコン・空調,パナソニック エアコン 8畳用 2.5kW スタンダード 加湿機能付き,台,加湿×下位グレード,A,F01,https://www.ac.daikin.co.jp/roomaircon,加湿は上位機専用機能・下位グレードに非実在
918bc65d63b5,エアコン・空調,三菱電機 エアコン 10畳用 2.8kW エントリー 加湿機能付き,台,加湿×下位グレード,A,F01,https://www.ac.daikin.co.jp/roomaircon,加湿は上位機専用機能・下位グレードに非実在
f608c9a09cf8,エアコン・空調,三菱電機 エアコン 10畳用 2.8kW スタンダード 加湿機能付き,台,加湿×下位グレード,A,F01,https://www.ac.daikin.co.jp/roomaircon,加湿は上位機専用機能・下位グレードに非実在
6e338b826b76,エアコン・空調,三菱電機 エアコン 10畳用 2.8kW 上位 加湿機能付き,台,加湿×三菱電機,A,F05,https://kadenfan.hitachi.co.jp/ra/lineup/xseries_26/,当該メーカーに加湿機能付き現行無し
9c4be09e750d,エアコン・空調,三菱電機 エアコン 10畳用 2.8kW 最上位 加湿機能付き,台,加湿×三菱電機,A,F05,https://kadenfan.hitachi.co.jp/ra/lineup/xseries_26/,当該メーカーに加湿機能付き現行無し
22eb261114a0,エアコン・空調,三菱電機 エアコン 12畳用 3.6kW エントリー 加湿機能付き,台,加湿×下位グレード,A,F01,https://www.ac.daikin.co.jp/roomaircon,加湿は上位機専用機能・下位グレードに非実在
87e4d07d469a,エアコン・空調,三菱電機 エアコン 12畳用 3.6kW スタンダード 加湿機能付き,台,加湿×下位グレード,A,F01,https://www.ac.daikin.co.jp/roomaircon,加湿は上位機専用機能・下位グレードに非実在
538793bc69ab,エアコン・空調,三菱電機 エアコン 12畳用 3.6kW 上位 加湿機能付き,台,加湿×三菱電機,A,F05,https://kadenfan.hitachi.co.jp/ra/lineup/xseries_26/,当該メーカーに加湿機能付き現行無し
b66856b64858,エアコン・空調,三菱電機 エアコン 12畳用 3.6kW 最上位 加湿機能付き,台,加湿×三菱電機,A,F05,https://kadenfan.hitachi.co.jp/ra/lineup/xseries_26/,当該メーカーに加湿機能付き現行無し
ed6f5194d9f1,エアコン・空調,三菱電機 エアコン 14畳用 4.0kW エントリー 加湿機能付き,台,加湿×下位グレード,A,F01,https://www.ac.daikin.co.jp/roomaircon,加湿は上位機専用機能・下位グレードに非実在
82d82f8f128f,エアコン・空調,三菱電機 エアコン 14畳用 4.0kW スタンダード 加湿機能付き,台,加湿×下位グレード,A,F01,https://www.ac.daikin.co.jp/roomaircon,加湿は上位機専用機能・下位グレードに非実在
525c163b65cd,エアコン・空調,三菱電機 エアコン 14畳用 4.0kW 上位 加湿機能付き,台,加湿×三菱電機,A,F05,https://kadenfan.hitachi.co.jp/ra/lineup/xseries_26/,当該メーカーに加湿機能付き現行無し
18e657c2188d,エアコン・空調,三菱電機 エアコン 14畳用 4.0kW 最上位 加湿機能付き,台,加湿×三菱電機,A,F05,https://kadenfan.hitachi.co.jp/ra/lineup/xseries_26/,当該メーカーに加湿機能付き現行無し
e006d3a6afb7,エアコン・空調,三菱電機 エアコン 18畳用 5.6kW エントリー 加湿機能付き,台,加湿×下位グレード,A,F01,https://www.ac.daikin.co.jp/roomaircon,加湿は上位機専用機能・下位グレードに非実在
e055a476aad2,エアコン・空調,三菱電機 エアコン 18畳用 5.6kW スタンダード 加湿機能付き,台,加湿×下位グレード,A,F01,https://www.ac.daikin.co.jp/roomaircon,加湿は上位機専用機能・下位グレードに非実在
5cfeac165a26,エアコン・空調,三菱電機 エアコン 18畳用 5.6kW 上位 加湿機能付き,台,加湿×三菱電機,A,F05,https://kadenfan.hitachi.co.jp/ra/lineup/xseries_26/,当該メーカーに加湿機能付き現行無し
bd0fc08dbb6c,エアコン・空調,三菱電機 エアコン 18畳用 5.6kW 最上位 加湿機能付き,台,加湿×三菱電機,A,F05,https://kadenfan.hitachi.co.jp/ra/lineup/xseries_26/,当該メーカーに加湿機能付き現行無し
d5ec8dacf9b5,エアコン・空調,三菱電機 エアコン 20畳用 6.3kW エントリー 加湿機能付き,台,加湿×下位グレード,A,F01,https://www.ac.daikin.co.jp/roomaircon,加湿は上位機専用機能・下位グレードに非実在
45577db05bb2,エアコン・空調,三菱電機 エアコン 20畳用 6.3kW スタンダード 加湿機能付き,台,加湿×下位グレード,A,F01,https://www.ac.daikin.co.jp/roomaircon,加湿は上位機専用機能・下位グレードに非実在
16b05b5e78e2,エアコン・空調,三菱電機 エアコン 20畳用 6.3kW 上位 加湿機能付き,台,加湿×三菱電機,A,F05,https://kadenfan.hitachi.co.jp/ra/lineup/xseries_26/,当該メーカーに加湿機能付き現行無し
b919bf065f66,エアコン・空調,三菱電機 エアコン 20畳用 6.3kW 最上位 加湿機能付き,台,加湿×三菱電機,A,F05,https://kadenfan.hitachi.co.jp/ra/lineup/xseries_26/,当該メーカーに加湿機能付き現行無し
3b954730cd51,エアコン・空調,三菱電機 エアコン 23畳用 7.1kW エントリー 加湿機能付き,台,加湿×下位グレード,A,F01,https://www.ac.daikin.co.jp/roomaircon,加湿は上位機専用機能・下位グレードに非実在
e485edbe49b4,エアコン・空調,三菱電機 エアコン 23畳用 7.1kW スタンダード 加湿機能付き,台,加湿×下位グレード,A,F01,https://www.ac.daikin.co.jp/roomaircon,加湿は上位機専用機能・下位グレードに非実在
ee1aae6d4970,エアコン・空調,三菱電機 エアコン 23畳用 7.1kW 上位 加湿機能付き,台,加湿×三菱電機,A,F05,https://kadenfan.hitachi.co.jp/ra/lineup/xseries_26/,当該メーカーに加湿機能付き現行無し
1ec9f52c776a,エアコン・空調,三菱電機 エアコン 23畳用 7.1kW 最上位 加湿機能付き,台,加湿×三菱電機,A,F05,https://kadenfan.hitachi.co.jp/ra/lineup/xseries_26/,当該メーカーに加湿機能付き現行無し
3d62cd526352,エアコン・空調,三菱電機 エアコン 6畳用 2.2kW エントリー 加湿機能付き,台,加湿×下位グレード,A,F01,https://www.ac.daikin.co.jp/roomaircon,加湿は上位機専用機能・下位グレードに非実在
cdbf160b5bc5,エアコン・空調,三菱電機 エアコン 6畳用 2.2kW スタンダード 加湿機能付き,台,加湿×下位グレード,A,F01,https://www.ac.daikin.co.jp/roomaircon,加湿は上位機専用機能・下位グレードに非実在
d7e2b244e067,エアコン・空調,三菱電機 エアコン 6畳用 2.2kW 上位 加湿機能付き,台,加湿×三菱電機,A,F05,https://kadenfan.hitachi.co.jp/ra/lineup/xseries_26/,当該メーカーに加湿機能付き現行無し
9cc995c63a76,エアコン・空調,三菱電機 エアコン 8畳用 2.5kW エントリー 加湿機能付き,台,加湿×下位グレード,A,F01,https://www.ac.daikin.co.jp/roomaircon,加湿は上位機専用機能・下位グレードに非実在
714a9e29b93b,エアコン・空調,三菱電機 エアコン 8畳用 2.5kW スタンダード 加湿機能付き,台,加湿×下位グレード,A,F01,https://www.ac.daikin.co.jp/roomaircon,加湿は上位機専用機能・下位グレードに非実在
37e60d6966be,エアコン・空調,三菱電機 エアコン 8畳用 2.5kW 上位 加湿機能付き,台,加湿×三菱電機,A,F05,https://kadenfan.hitachi.co.jp/ra/lineup/xseries_26/,当該メーカーに加湿機能付き現行無し
b79640847d5f,エアコン・空調,三菱電機 エアコン 8畳用 2.5kW 最上位 加湿機能付き,台,加湿×三菱電機,A,F05,https://kadenfan.hitachi.co.jp/ra/lineup/xseries_26/,当該メーカーに加湿機能付き現行無し
f8dcce006c28,エアコン・空調,富士通 AS-M222N 6畳 2.2kW,台,架空型番族,A,F25,https://www.free.dtnet.daikin.co.jp/,富士通実在痕跡ゼロ・架空型番族
081717cb3719,エアコン・空調,富士通ゼネラル エアコン 10畳用 2.8kW エントリー 加湿機能付き,台,加湿×下位グレード,A,F01,https://www.ac.daikin.co.jp/roomaircon,加湿は上位機専用機能・下位グレードに非実在
637bec0d0342,エアコン・空調,富士通ゼネラル エアコン 10畳用 2.8kW スタンダード 加湿機能付き,台,加湿×下位グレード,A,F01,https://www.ac.daikin.co.jp/roomaircon,加湿は上位機専用機能・下位グレードに非実在
0d5b74926b92,エアコン・空調,富士通ゼネラル エアコン 10畳用 2.8kW スタンダード 換気機能付き,台,換気×ゼネラル,B,F21,https://kakaku.com/housing/extractor-fan/,現行換気扇無し
474030500af7,エアコン・空調,富士通ゼネラル エアコン 10畳用 2.8kW 上位 加湿機能付き,台,加湿×ゼネラル,A,F05,https://kadenfan.hitachi.co.jp/ra/lineup/xseries_26/,当該メーカーに加湿機能付き現行無し
f0c73c7fae42,エアコン・空調,富士通ゼネラル エアコン 10畳用 2.8kW 上位 換気機能付き,台,換気×ゼネラル,B,F21,https://kakaku.com/housing/extractor-fan/,現行換気扇無し
1ec6dfae0678,エアコン・空調,富士通ゼネラル エアコン 10畳用 2.8kW 最上位 加湿機能付き,台,加湿×ゼネラル,A,F05,https://kadenfan.hitachi.co.jp/ra/lineup/xseries_26/,当該メーカーに加湿機能付き現行無し
888d3a24c701,エアコン・空調,富士通ゼネラル エアコン 10畳用 2.8kW 最上位 換気機能付き,台,換気×ゼネラル,B,F21,https://kakaku.com/housing/extractor-fan/,現行換気扇無し
e271102de49f,エアコン・空調,富士通ゼネラル エアコン 12畳用 3.6kW エントリー 加湿機能付き,台,加湿×下位グレード,A,F01,https://www.ac.daikin.co.jp/roomaircon,加湿は上位機専用機能・下位グレードに非実在
a3118715f09c,エアコン・空調,富士通ゼネラル エアコン 12畳用 3.6kW スタンダード 加湿機能付き,台,加湿×下位グレード,A,F01,https://www.ac.daikin.co.jp/roomaircon,加湿は上位機専用機能・下位グレードに非実在
ebc1ae899e8b,エアコン・空調,富士通ゼネラル エアコン 12畳用 3.6kW スタンダード 換気機能付き,台,換気×ゼネラル,B,F21,https://kakaku.com/housing/extractor-fan/,現行換気扇無し
923fe4f7d8d9,エアコン・空調,富士通ゼネラル エアコン 12畳用 3.6kW 上位 加湿機能付き,台,加湿×ゼネラル,A,F05,https://kadenfan.hitachi.co.jp/ra/lineup/xseries_26/,当該メーカーに加湿機能付き現行無し
a6d88c4af08d,エアコン・空調,富士通ゼネラル エアコン 12畳用 3.6kW 上位 換気機能付き,台,換気×ゼネラル,B,F21,https://kakaku.com/housing/extractor-fan/,現行換気扇無し
c9f2e0582082,エアコン・空調,富士通ゼネラル エアコン 12畳用 3.6kW 最上位 加湿機能付き,台,加湿×ゼネラル,A,F05,https://kadenfan.hitachi.co.jp/ra/lineup/xseries_26/,当該メーカーに加湿機能付き現行無し
069de10de4fa,エアコン・空調,富士通ゼネラル エアコン 12畳用 3.6kW 最上位 換気機能付き,台,換気×ゼネラル,B,F21,https://kakaku.com/housing/extractor-fan/,現行換気扇無し
18f0445257d7,エアコン・空調,富士通ゼネラル エアコン 14畳用 4.0kW エントリー 加湿機能付き,台,加湿×下位グレード,A,F01,https://www.ac.daikin.co.jp/roomaircon,加湿は上位機専用機能・下位グレードに非実在
07203b501d80,エアコン・空調,富士通ゼネラル エアコン 14畳用 4.0kW スタンダード 加湿機能付き,台,加湿×下位グレード,A,F01,https://www.ac.daikin.co.jp/roomaircon,加湿は上位機専用機能・下位グレードに非実在
1203caf6d6d0,エアコン・空調,富士通ゼネラル エアコン 14畳用 4.0kW スタンダード 換気機能付き,台,換気×ゼネラル,B,F21,https://kakaku.com/housing/extractor-fan/,現行換気扇無し
8921b5c3a2f5,エアコン・空調,富士通ゼネラル エアコン 14畳用 4.0kW 上位 加湿機能付き,台,加湿×ゼネラル,A,F05,https://kadenfan.hitachi.co.jp/ra/lineup/xseries_26/,当該メーカーに加湿機能付き現行無し
a2128cec825a,エアコン・空調,富士通ゼネラル エアコン 14畳用 4.0kW 上位 換気機能付き,台,換気×ゼネラル,B,F21,https://kakaku.com/housing/extractor-fan/,現行換気扇無し
518f5b2f638d,エアコン・空調,富士通ゼネラル エアコン 14畳用 4.0kW 最上位 加湿機能付き,台,加湿×ゼネラル,A,F05,https://kadenfan.hitachi.co.jp/ra/lineup/xseries_26/,当該メーカーに加湿機能付き現行無し
d12e69bb24b4,エアコン・空調,富士通ゼネラル エアコン 14畳用 4.0kW 最上位 換気機能付き,台,換気×ゼネラル,B,F21,https://kakaku.com/housing/extractor-fan/,現行換気扇無し
f4b0ad18515b,エアコン・空調,富士通ゼネラル エアコン 18畳用 5.6kW エントリー 加湿機能付き,台,加湿×下位グレード,A,F01,https://www.ac.daikin.co.jp/roomaircon,加湿は上位機専用機能・下位グレードに非実在
6c5238b22ff7,エアコン・空調,富士通ゼネラル エアコン 18畳用 5.6kW スタンダード 加湿機能付き,台,加湿×下位グレード,A,F01,https://www.ac.daikin.co.jp/roomaircon,加湿は上位機専用機能・下位グレードに非実在
b7b0329af92b,エアコン・空調,富士通ゼネラル エアコン 18畳用 5.6kW スタンダード 換気機能付き,台,換気×ゼネラル,B,F21,https://kakaku.com/housing/extractor-fan/,現行換気扇無し
3ad0639454cc,エアコン・空調,富士通ゼネラル エアコン 18畳用 5.6kW 上位 加湿機能付き,台,加湿×ゼネラル,A,F05,https://kadenfan.hitachi.co.jp/ra/lineup/xseries_26/,当該メーカーに加湿機能付き現行無し
3c3b6e3f3963,エアコン・空調,富士通ゼネラル エアコン 18畳用 5.6kW 上位 換気機能付き,台,換気×ゼネラル,B,F21,https://kakaku.com/housing/extractor-fan/,現行換気扇無し
ed4c8967387e,エアコン・空調,富士通ゼネラル エアコン 18畳用 5.6kW 最上位 加湿機能付き,台,加湿×ゼネラル,A,F05,https://kadenfan.hitachi.co.jp/ra/lineup/xseries_26/,当該メーカーに加湿機能付き現行無し
2b4cf7eb6f8e,エアコン・空調,富士通ゼネラル エアコン 18畳用 5.6kW 最上位 換気機能付き,台,換気×ゼネラル,B,F21,https://kakaku.com/housing/extractor-fan/,現行換気扇無し
03afe5be70b7,エアコン・空調,富士通ゼネラル エアコン 20畳用 6.3kW エントリー 加湿機能付き,台,加湿×下位グレード,A,F01,https://www.ac.daikin.co.jp/roomaircon,加湿は上位機専用機能・下位グレードに非実在
6a47d1066892,エアコン・空調,富士通ゼネラル エアコン 20畳用 6.3kW スタンダード 加湿機能付き,台,加湿×下位グレード,A,F01,https://www.ac.daikin.co.jp/roomaircon,加湿は上位機専用機能・下位グレードに非実在
9eb091769c6a,エアコン・空調,富士通ゼネラル エアコン 20畳用 6.3kW スタンダード 換気機能付き,台,換気×ゼネラル,B,F21,https://kakaku.com/housing/extractor-fan/,現行換気扇無し
faff2608fb21,エアコン・空調,富士通ゼネラル エアコン 20畳用 6.3kW 上位 加湿機能付き,台,加湿×ゼネラル,A,F05,https://kadenfan.hitachi.co.jp/ra/lineup/xseries_26/,当該メーカーに加湿機能付き現行無し
cef1807b1a75,エアコン・空調,富士通ゼネラル エアコン 20畳用 6.3kW 上位 換気機能付き,台,換気×ゼネラル,B,F21,https://kakaku.com/housing/extractor-fan/,現行換気扇無し
066fa5d37f4c,エアコン・空調,富士通ゼネラル エアコン 20畳用 6.3kW 最上位 加湿機能付き,台,加湿×ゼネラル,A,F05,https://kadenfan.hitachi.co.jp/ra/lineup/xseries_26/,当該メーカーに加湿機能付き現行無し
0da58ed2e9a3,エアコン・空調,富士通ゼネラル エアコン 20畳用 6.3kW 最上位 換気機能付き,台,換気×ゼネラル,B,F21,https://kakaku.com/housing/extractor-fan/,現行換気扇無し
cb0d882c4968,エアコン・空調,富士通ゼネラル エアコン 23畳用 7.1kW エントリー 加湿機能付き,台,加湿×下位グレード,A,F01,https://www.ac.daikin.co.jp/roomaircon,加湿は上位機専用機能・下位グレードに非実在
4ddcb0cef30d,エアコン・空調,富士通ゼネラル エアコン 23畳用 7.1kW スタンダード 加湿機能付き,台,加湿×下位グレード,A,F01,https://www.ac.daikin.co.jp/roomaircon,加湿は上位機専用機能・下位グレードに非実在
e6df3d50b776,エアコン・空調,富士通ゼネラル エアコン 23畳用 7.1kW スタンダード 換気機能付き,台,換気×ゼネラル,B,F21,https://kakaku.com/housing/extractor-fan/,現行換気扇無し
e214f18ebe10,エアコン・空調,富士通ゼネラル エアコン 23畳用 7.1kW 上位 加湿機能付き,台,加湿×ゼネラル,A,F05,https://kadenfan.hitachi.co.jp/ra/lineup/xseries_26/,当該メーカーに加湿機能付き現行無し
515047ac2f0d,エアコン・空調,富士通ゼネラル エアコン 23畳用 7.1kW 上位 換気機能付き,台,換気×ゼネラル,B,F21,https://kakaku.com/housing/extractor-fan/,現行換気扇無し
4a732667c961,エアコン・空調,富士通ゼネラル エアコン 23畳用 7.1kW 最上位 加湿機能付き,台,加湿×ゼネラル,A,F05,https://kadenfan.hitachi.co.jp/ra/lineup/xseries_26/,当該メーカーに加湿機能付き現行無し
0463d90ff568,エアコン・空調,富士通ゼネラル エアコン 23畳用 7.1kW 最上位 換気機能付き,台,換気×ゼネラル,B,F21,https://kakaku.com/housing/extractor-fan/,現行換気扇無し
9e43ef7f0e8f,エアコン・空調,富士通ゼネラル エアコン 6畳用 2.2kW エントリー 加湿機能付き,台,加湿×下位グレード,A,F01,https://www.ac.daikin.co.jp/roomaircon,加湿は上位機専用機能・下位グレードに非実在
dbf67a662964,エアコン・空調,富士通ゼネラル エアコン 6畳用 2.2kW スタンダード 加湿機能付き,台,加湿×下位グレード,A,F01,https://www.ac.daikin.co.jp/roomaircon,加湿は上位機専用機能・下位グレードに非実在
6f575011e836,エアコン・空調,富士通ゼネラル エアコン 6畳用 2.2kW スタンダード 換気機能付き,台,換気×ゼネラル,B,F21,https://kakaku.com/housing/extractor-fan/,現行換気扇無し
cddbc721bd5c,エアコン・空調,富士通ゼネラル エアコン 6畳用 2.2kW 上位 加湿機能付き,台,加湿×ゼネラル,A,F05,https://kadenfan.hitachi.co.jp/ra/lineup/xseries_26/,当該メーカーに加湿機能付き現行無し
730b5f323c31,エアコン・空調,富士通ゼネラル エアコン 6畳用 2.2kW 上位 換気機能付き,台,換気×ゼネラル,B,F21,https://kakaku.com/housing/extractor-fan/,現行換気扇無し
087be732a851,エアコン・空調,富士通ゼネラル エアコン 8畳用 2.5kW エントリー 加湿機能付き,台,加湿×下位グレード,A,F01,https://www.ac.daikin.co.jp/roomaircon,加湿は上位機専用機能・下位グレードに非実在
ebb753e89aca,エアコン・空調,富士通ゼネラル エアコン 8畳用 2.5kW スタンダード 加湿機能付き,台,加湿×下位グレード,A,F01,https://www.ac.daikin.co.jp/roomaircon,加湿は上位機専用機能・下位グレードに非実在
63031bdfc8d9,エアコン・空調,富士通ゼネラル エアコン 8畳用 2.5kW スタンダード 換気機能付き,台,換気×ゼネラル,B,F21,https://kakaku.com/housing/extractor-fan/,現行換気扇無し
8917393110b7,エアコン・空調,富士通ゼネラル エアコン 8畳用 2.5kW 上位 加湿機能付き,台,加湿×ゼネラル,A,F05,https://kadenfan.hitachi.co.jp/ra/lineup/xseries_26/,当該メーカーに加湿機能付き現行無し
22701c0debc5,エアコン・空調,富士通ゼネラル エアコン 8畳用 2.5kW 上位 換気機能付き,台,換気×ゼネラル,B,F21,https://kakaku.com/housing/extractor-fan/,現行換気扇無し
535bc40f18b0,エアコン・空調,富士通ゼネラル エアコン 8畳用 2.5kW 最上位 加湿機能付き,台,加湿×ゼネラル,A,F05,https://kadenfan.hitachi.co.jp/ra/lineup/xseries_26/,当該メーカーに加湿機能付き現行無し
6191613a99d2,エアコン・空調,富士通ゼネラル エアコン 8畳用 2.5kW 最上位 換気機能付き,台,換気×ゼネラル,B,F21,https://kakaku.com/housing/extractor-fan/,現行換気扇無し
b91b4041fa81,エアコン・空調,日立 エアコン 10畳用 2.8kW エントリー 加湿機能付き,台,加湿×下位グレード,A,F01,https://www.ac.daikin.co.jp/roomaircon,加湿は上位機専用機能・下位グレードに非実在
b5468ec5f7f4,エアコン・空調,日立 エアコン 10畳用 2.8kW スタンダード 加湿機能付き,台,加湿×下位グレード,A,F01,https://www.ac.daikin.co.jp/roomaircon,加湿は上位機専用機能・下位グレードに非実在
6be86e831592,エアコン・空調,日立 エアコン 10畳用 2.8kW 上位 加湿機能付き,台,加湿×日立,A,F05,https://kadenfan.hitachi.co.jp/ra/lineup/xseries_26/,当該メーカーに加湿機能付き現行無し
fdcc7e8df344,エアコン・空調,日立 エアコン 10畳用 2.8kW 最上位 加湿機能付き,台,加湿×日立,A,F05,https://kadenfan.hitachi.co.jp/ra/lineup/xseries_26/,当該メーカーに加湿機能付き現行無し
3a2d1b6f02b9,エアコン・空調,日立 エアコン 12畳用 3.6kW エントリー 加湿機能付き,台,加湿×下位グレード,A,F01,https://www.ac.daikin.co.jp/roomaircon,加湿は上位機専用機能・下位グレードに非実在
f03b54de6e1d,エアコン・空調,日立 エアコン 12畳用 3.6kW スタンダード 加湿機能付き,台,加湿×下位グレード,A,F01,https://www.ac.daikin.co.jp/roomaircon,加湿は上位機専用機能・下位グレードに非実在
5e564719072e,エアコン・空調,日立 エアコン 12畳用 3.6kW 上位 加湿機能付き,台,加湿×日立,A,F05,https://kadenfan.hitachi.co.jp/ra/lineup/xseries_26/,当該メーカーに加湿機能付き現行無し
c888cd222c4a,エアコン・空調,日立 エアコン 12畳用 3.6kW 最上位 加湿機能付き,台,加湿×日立,A,F05,https://kadenfan.hitachi.co.jp/ra/lineup/xseries_26/,当該メーカーに加湿機能付き現行無し
bc63acb4148d,エアコン・空調,日立 エアコン 14畳用 4.0kW エントリー 加湿機能付き,台,加湿×下位グレード,A,F01,https://www.ac.daikin.co.jp/roomaircon,加湿は上位機専用機能・下位グレードに非実在
5fd40113ed3d,エアコン・空調,日立 エアコン 14畳用 4.0kW スタンダード 加湿機能付き,台,加湿×下位グレード,A,F01,https://www.ac.daikin.co.jp/roomaircon,加湿は上位機専用機能・下位グレードに非実在
a616ef9bc2fe,エアコン・空調,日立 エアコン 14畳用 4.0kW 上位 加湿機能付き,台,加湿×日立,A,F05,https://kadenfan.hitachi.co.jp/ra/lineup/xseries_26/,当該メーカーに加湿機能付き現行無し
6f24b80e5e15,エアコン・空調,日立 エアコン 14畳用 4.0kW 最上位 加湿機能付き,台,加湿×日立,A,F05,https://kadenfan.hitachi.co.jp/ra/lineup/xseries_26/,当該メーカーに加湿機能付き現行無し
4a7e5935ae2e,エアコン・空調,日立 エアコン 18畳用 5.6kW エントリー 加湿機能付き,台,加湿×下位グレード,A,F01,https://www.ac.daikin.co.jp/roomaircon,加湿は上位機専用機能・下位グレードに非実在
86e11f7ca90c,エアコン・空調,日立 エアコン 18畳用 5.6kW スタンダード 加湿機能付き,台,加湿×下位グレード,A,F01,https://www.ac.daikin.co.jp/roomaircon,加湿は上位機専用機能・下位グレードに非実在
ccc9065dc5af,エアコン・空調,日立 エアコン 18畳用 5.6kW 上位 加湿機能付き,台,加湿×日立,A,F05,https://kadenfan.hitachi.co.jp/ra/lineup/xseries_26/,当該メーカーに加湿機能付き現行無し
a43025e693b7,エアコン・空調,日立 エアコン 18畳用 5.6kW 最上位 加湿機能付き,台,加湿×日立,A,F05,https://kadenfan.hitachi.co.jp/ra/lineup/xseries_26/,当該メーカーに加湿機能付き現行無し
b8a2081291f9,エアコン・空調,日立 エアコン 20畳用 6.3kW エントリー 加湿機能付き,台,加湿×下位グレード,A,F01,https://www.ac.daikin.co.jp/roomaircon,加湿は上位機専用機能・下位グレードに非実在
20e612fe5941,エアコン・空調,日立 エアコン 20畳用 6.3kW スタンダード 加湿機能付き,台,加湿×下位グレード,A,F01,https://www.ac.daikin.co.jp/roomaircon,加湿は上位機専用機能・下位グレードに非実在
28b7ddf1dba2,エアコン・空調,日立 エアコン 20畳用 6.3kW 上位 加湿機能付き,台,加湿×日立,A,F05,https://kadenfan.hitachi.co.jp/ra/lineup/xseries_26/,当該メーカーに加湿機能付き現行無し
bbf94c1bc774,エアコン・空調,日立 エアコン 20畳用 6.3kW 最上位 加湿機能付き,台,加湿×日立,A,F05,https://kadenfan.hitachi.co.jp/ra/lineup/xseries_26/,当該メーカーに加湿機能付き現行無し
8278a1e627dc,エアコン・空調,日立 エアコン 23畳用 7.1kW エントリー 加湿機能付き,台,加湿×下位グレード,A,F01,https://www.ac.daikin.co.jp/roomaircon,加湿は上位機専用機能・下位グレードに非実在
5d4039cabbeb,エアコン・空調,日立 エアコン 23畳用 7.1kW スタンダード 加湿機能付き,台,加湿×下位グレード,A,F01,https://www.ac.daikin.co.jp/roomaircon,加湿は上位機専用機能・下位グレードに非実在
8d74d729bf95,エアコン・空調,日立 エアコン 23畳用 7.1kW 上位 加湿機能付き,台,加湿×日立,A,F05,https://kadenfan.hitachi.co.jp/ra/lineup/xseries_26/,当該メーカーに加湿機能付き現行無し
0407bdfd6a9a,エアコン・空調,日立 エアコン 23畳用 7.1kW 最上位 加湿機能付き,台,加湿×日立,A,F05,https://kadenfan.hitachi.co.jp/ra/lineup/xseries_26/,当該メーカーに加湿機能付き現行無し
1ec93c70eeba,エアコン・空調,日立 エアコン 6畳用 2.2kW エントリー 加湿機能付き,台,加湿×下位グレード,A,F01,https://www.ac.daikin.co.jp/roomaircon,加湿は上位機専用機能・下位グレードに非実在
ecf995eb85f7,エアコン・空調,日立 エアコン 6畳用 2.2kW スタンダード 加湿機能付き,台,加湿×下位グレード,A,F01,https://www.ac.daikin.co.jp/roomaircon,加湿は上位機専用機能・下位グレードに非実在
2a417d0a7194,エアコン・空調,日立 エアコン 6畳用 2.2kW 上位 加湿機能付き,台,加湿×日立,A,F05,https://kadenfan.hitachi.co.jp/ra/lineup/xseries_26/,当該メーカーに加湿機能付き現行無し
343b7f5c5a31,エアコン・空調,日立 エアコン 8畳用 2.5kW エントリー 加湿機能付き,台,加湿×下位グレード,A,F01,https://www.ac.daikin.co.jp/roomaircon,加湿は上位機専用機能・下位グレードに非実在
e387eeb223cf,エアコン・空調,日立 エアコン 8畳用 2.5kW スタンダード 加湿機能付き,台,加湿×下位グレード,A,F01,https://www.ac.daikin.co.jp/roomaircon,加湿は上位機専用機能・下位グレードに非実在
ef9c16a4ce7e,エアコン・空調,日立 エアコン 8畳用 2.5kW 上位 加湿機能付き,台,加湿×日立,A,F05,https://kadenfan.hitachi.co.jp/ra/lineup/xseries_26/,当該メーカーに加湿機能付き現行無し
21b7f9241df2,エアコン・空調,日立 エアコン 8畳用 2.5kW 最上位 加湿機能付き,台,加湿×日立,A,F05,https://kadenfan.hitachi.co.jp/ra/lineup/xseries_26/,当該メーカーに加湿機能付き現行無し
b13906f2c189,エアコン・空調,東芝 RAS-2224DT 6畳 2.2kW,台,架空型番族,A,F25,https://www.free.dtnet.daikin.co.jp/,東芝実在痕跡ゼロ・架空型番族
185457fd1fe5,エアコン・空調,東芝 エアコン 10畳用 2.8kW エントリー 加湿機能付き,台,加湿×下位グレード,A,F01,https://www.ac.daikin.co.jp/roomaircon,加湿は上位機専用機能・下位グレードに非実在
5c550b8bb807,エアコン・空調,東芝 エアコン 10畳用 2.8kW スタンダード 加湿機能付き,台,加湿×下位グレード,A,F01,https://www.ac.daikin.co.jp/roomaircon,加湿は上位機専用機能・下位グレードに非実在
bd777ef35ae2,エアコン・空調,東芝 エアコン 10畳用 2.8kW 上位 加湿機能付き,台,加湿×東芝,A,F05,https://kadenfan.hitachi.co.jp/ra/lineup/xseries_26/,当該メーカーに加湿機能付き現行無し
c9a7eedd7b76,エアコン・空調,東芝 エアコン 10畳用 2.8kW 最上位 加湿機能付き,台,加湿×東芝,A,F05,https://kadenfan.hitachi.co.jp/ra/lineup/xseries_26/,当該メーカーに加湿機能付き現行無し
238ec432f838,エアコン・空調,東芝 エアコン 12畳用 3.6kW エントリー 加湿機能付き,台,加湿×下位グレード,A,F01,https://www.ac.daikin.co.jp/roomaircon,加湿は上位機専用機能・下位グレードに非実在
0f6a2f538470,エアコン・空調,東芝 エアコン 12畳用 3.6kW スタンダード 加湿機能付き,台,加湿×下位グレード,A,F01,https://www.ac.daikin.co.jp/roomaircon,加湿は上位機専用機能・下位グレードに非実在
e69957cf1bd3,エアコン・空調,東芝 エアコン 12畳用 3.6kW 上位 加湿機能付き,台,加湿×東芝,A,F05,https://kadenfan.hitachi.co.jp/ra/lineup/xseries_26/,当該メーカーに加湿機能付き現行無し
aa79e5fb866c,エアコン・空調,東芝 エアコン 12畳用 3.6kW 最上位 加湿機能付き,台,加湿×東芝,A,F05,https://kadenfan.hitachi.co.jp/ra/lineup/xseries_26/,当該メーカーに加湿機能付き現行無し
472d5d02989f,エアコン・空調,東芝 エアコン 14畳用 4.0kW エントリー 加湿機能付き,台,加湿×下位グレード,A,F01,https://www.ac.daikin.co.jp/roomaircon,加湿は上位機専用機能・下位グレードに非実在
fe5e3839ba39,エアコン・空調,東芝 エアコン 14畳用 4.0kW スタンダード 加湿機能付き,台,加湿×下位グレード,A,F01,https://www.ac.daikin.co.jp/roomaircon,加湿は上位機専用機能・下位グレードに非実在
4dae816eacf2,エアコン・空調,東芝 エアコン 14畳用 4.0kW 上位 加湿機能付き,台,加湿×東芝,A,F05,https://kadenfan.hitachi.co.jp/ra/lineup/xseries_26/,当該メーカーに加湿機能付き現行無し
0e7f2dbfb3cf,エアコン・空調,東芝 エアコン 14畳用 4.0kW 最上位 加湿機能付き,台,加湿×東芝,A,F05,https://kadenfan.hitachi.co.jp/ra/lineup/xseries_26/,当該メーカーに加湿機能付き現行無し
496ba98c11f8,エアコン・空調,東芝 エアコン 18畳用 5.6kW エントリー 加湿機能付き,台,加湿×下位グレード,A,F01,https://www.ac.daikin.co.jp/roomaircon,加湿は上位機専用機能・下位グレードに非実在
2cb9b6058a70,エアコン・空調,東芝 エアコン 18畳用 5.6kW スタンダード 加湿機能付き,台,加湿×下位グレード,A,F01,https://www.ac.daikin.co.jp/roomaircon,加湿は上位機専用機能・下位グレードに非実在
f38d8205abff,エアコン・空調,東芝 エアコン 18畳用 5.6kW 上位 加湿機能付き,台,加湿×東芝,A,F05,https://kadenfan.hitachi.co.jp/ra/lineup/xseries_26/,当該メーカーに加湿機能付き現行無し
e6db0edb0bba,エアコン・空調,東芝 エアコン 18畳用 5.6kW 最上位 加湿機能付き,台,加湿×東芝,A,F05,https://kadenfan.hitachi.co.jp/ra/lineup/xseries_26/,当該メーカーに加湿機能付き現行無し
beae9791eaa3,エアコン・空調,東芝 エアコン 20畳用 6.3kW エントリー 加湿機能付き,台,加湿×下位グレード,A,F01,https://www.ac.daikin.co.jp/roomaircon,加湿は上位機専用機能・下位グレードに非実在
38694f9975cd,エアコン・空調,東芝 エアコン 20畳用 6.3kW スタンダード 加湿機能付き,台,加湿×下位グレード,A,F01,https://www.ac.daikin.co.jp/roomaircon,加湿は上位機専用機能・下位グレードに非実在
cfe7ff0e8790,エアコン・空調,東芝 エアコン 20畳用 6.3kW 上位 加湿機能付き,台,加湿×東芝,A,F05,https://kadenfan.hitachi.co.jp/ra/lineup/xseries_26/,当該メーカーに加湿機能付き現行無し
341b2e902e42,エアコン・空調,東芝 エアコン 20畳用 6.3kW 最上位 加湿機能付き,台,加湿×東芝,A,F05,https://kadenfan.hitachi.co.jp/ra/lineup/xseries_26/,当該メーカーに加湿機能付き現行無し
bdf65d27b8e8,エアコン・空調,東芝 エアコン 23畳用 7.1kW エントリー 加湿機能付き,台,加湿×下位グレード,A,F01,https://www.ac.daikin.co.jp/roomaircon,加湿は上位機専用機能・下位グレードに非実在
b16c3c69429c,エアコン・空調,東芝 エアコン 23畳用 7.1kW スタンダード 加湿機能付き,台,加湿×下位グレード,A,F01,https://www.ac.daikin.co.jp/roomaircon,加湿は上位機専用機能・下位グレードに非実在
d5f86e3923b8,エアコン・空調,東芝 エアコン 23畳用 7.1kW 上位 加湿機能付き,台,加湿×東芝,A,F05,https://kadenfan.hitachi.co.jp/ra/lineup/xseries_26/,当該メーカーに加湿機能付き現行無し
01eae60691e0,エアコン・空調,東芝 エアコン 23畳用 7.1kW 最上位 加湿機能付き,台,加湿×東芝,A,F05,https://kadenfan.hitachi.co.jp/ra/lineup/xseries_26/,当該メーカーに加湿機能付き現行無し
8e0fa1d4316e,エアコン・空調,東芝 エアコン 6畳用 2.2kW エントリー 加湿機能付き,台,加湿×下位グレード,A,F01,https://www.ac.daikin.co.jp/roomaircon,加湿は上位機専用機能・下位グレードに非実在
dd69e766f098,エアコン・空調,東芝 エアコン 6畳用 2.2kW スタンダード 加湿機能付き,台,加湿×下位グレード,A,F01,https://www.ac.daikin.co.jp/roomaircon,加湿は上位機専用機能・下位グレードに非実在
a8423f521be0,エアコン・空調,東芝 エアコン 6畳用 2.2kW 上位 加湿機能付き,台,加湿×東芝,A,F05,https://kadenfan.hitachi.co.jp/ra/lineup/xseries_26/,当該メーカーに加湿機能付き現行無し
a7b745a23b85,エアコン・空調,東芝 エアコン 8畳用 2.5kW エントリー 加湿機能付き,台,加湿×下位グレード,A,F01,https://www.ac.daikin.co.jp/roomaircon,加湿は上位機専用機能・下位グレードに非実在
a7063067f1f4,エアコン・空調,東芝 エアコン 8畳用 2.5kW スタンダード 加湿機能付き,台,加湿×下位グレード,A,F01,https://www.ac.daikin.co.jp/roomaircon,加湿は上位機専用機能・下位グレードに非実在
aaf7f93124ab,エアコン・空調,東芝 エアコン 8畳用 2.5kW 上位 加湿機能付き,台,加湿×東芝,A,F05,https://kadenfan.hitachi.co.jp/ra/lineup/xseries_26/,当該メーカーに加湿機能付き現行無し
6d46bac837b1,エアコン・空調,東芝 エアコン 8畳用 2.5kW 最上位 加湿機能付き,台,加湿×東芝,A,F05,https://kadenfan.hitachi.co.jp/ra/lineup/xseries_26/,当該メーカーに加湿機能付き現行無し
