category,item_name,unit,duplicate_of_row,removed_row
タイル・石材,ガラスモザイク100角,m2,13805,13806
タイル・石材,ガラスモザイク（100角）,m2,13805,13807
タイル・石材,コンクリートブロックCB150,個,13809,13810
タイル・石材,スレートタイル600×300,m2,13812,13813
タイル・石材,スレートタイル（600×300）,m2,13812,13814
タイル・石材,タイル接着剤弾性20kg,袋,13933,13936
タイル・石材,タイル目地材白1kg,袋,13942,13944
タイル・石材,テラコッタタイル（300角）,m2,13947,13948
タイル・石材,ピンコロ石御影100角,個,13951,13952
タイル・石材,ピンコロ石（御影 100角）,個,13951,13954
タイル・石材,モザイクタイル25角,m2,13955,13956
タイル・石材,モザイクタイル（25角）,m2,13955,13957
タイル・石材,レンガ（アンティーク）,個,13960,13961
タイル・石材,人工大理石タイル（300角）,m2,13963,13964
タイル・石材,化粧ブロック（標準色）,個,13965,13966
タイル・石材,外構タイル300角外床用,m2,13969,13970
タイル・石材,大理石タイル300角,m2,13973,13974
タイル・石材,大理石タイル（300角）,m2,13973,13975
タイル・石材,平板石（600×300 御影）,枚,13978,13979
タイル・石材,御影石600角,m2,13980,13984
タイル・石材,御影石（600角）,m2,13980,13985
タイル・石材,石英岩300角天然石,m2,17236,17237
タイル・石材,石英岩（300角 天然石）,m2,17236,17238
タイル・石材,磁器タイル100×200サブウェイ,m2,17240,17254
タイル・石材,磁器タイル100角白床用,m2,17243,17255
タイル・石材,磁器タイル300角床用,m2,17247,17256
タイル・石材,磁器タイル600×1200大判輸入,m2,17248,17257
タイル・石材,磁器タイル600角大判,m2,17250,17258
タイル・石材,磁器タイル木目調150×600,m2,17252,17259
タイル・石材,磁器タイル（100×200 サブウェイ）,m2,17240,17260
タイル・石材,磁器タイル（100角 グレー 床用）,m2,17242,17261
タイル・石材,磁器タイル（100角 白 床用）,m2,17243,17262
タイル・石材,磁器タイル（150角 壁用）,m2,17244,17263
タイル・石材,磁器タイル（300角 壁用）,m2,17246,17264
タイル・石材,磁器タイル（300角 床用）,m2,17247,17265
タイル・石材,磁器タイル（600×1200 大判 輸入）,m2,17248,17266
タイル・石材,磁器タイル（600×300）,m2,17249,17267
タイル・石材,磁器タイル（600角 大判）,m2,17250,17268
タイル・石材,磁器タイル（外壁 45二丁）,m2,17251,17269
タイル・石材,磁器タイル（木目調 150×600）,m2,17252,17270
タイル・石材,磁器タイル（石目調 600角）,m2,17253,17271
リフォーム特有解体費,既存壁撤去・処分（1m²）,m²,27971,27972
リフォーム特有解体費,既存床撤去・処分（1m²）,m²,27981,27982
介護・バリアフリー,コーナーガード（L型 1m）,本,28006,28007
介護・バリアフリー,床段差スロープ（樹脂 30mm）,個,28022,28024
介護・バリアフリー,手摺用ブラケット（壁固定）,個,28053,28054
介護・バリアフリー,手摺（L型 600×400）,セット,28049,28055
介護・バリアフリー,手摺（直線型 ステンレス 35φ 1m）,本,28050,28056
介護・バリアフリー,手摺（直線型 樹脂 35φ 1m）,本,28051,28057
介護・バリアフリー,手摺（跳ね上げ式）,個,28052,28058
介護・バリアフリー,段差解消機（電動 20cm）,台,28065,28066
介護・バリアフリー,自動水栓（センサー式）,個,28083,28084
介護・バリアフリー,遠隔見守りカメラ（天井型）,台,28087,28088
介護・バリアフリー,階段昇降機（直線型）,台,28090,28091
仮設・足場資材,くさび緊結式足場30坪1月,式,28095,28097
仮設・足場資材,くさび緊結式足場（30坪 1月）,式,28095,28098
仮設・足場資材,くさび緊結式足場（30坪 2月）,式,28096,28099
仮設・足場資材,ヘルメットABS白,個,28134,28135
仮設・足場資材,ヘルメット（ABS白）,個,28134,28136
仮設・足場資材,レーザー墨出し器（4ライン）,台,28150,28152
仮設・足場資材,レーザー水平器4方向,個,28153,28154
仮設・足場資材,ローリングタワーH3m,台,28155,28156
仮設・足場資材,ローリングタワー（H3m）,台,28155,28157
仮設・足場資材,仮囲いパネル（H1800 1m）,m,28159,28160
仮設・足場資材,仮設トイレレンタル1月,基,28167,28169
仮設・足場資材,仮設電力仮設盤30A,式,28177,28179
仮設・足場資材,単管クランプ直交,個,28186,28187
仮設・足場資材,単管クランプ（直交）,個,28186,28188
仮設・足場資材,単管パイプ4m,本,28189,28217
仮設・足場資材,単管パイプ（4m）,本,28189,28219
仮設・足場資材,単管足場30坪1月,式,28220,28221
仮設・足場資材,単管足場（30坪 1月）,式,28220,28223
仮設・足場資材,吊り足場1m2/月,m2,28224,28225
仮設・足場資材,安全帯フルハーネス型,個,28231,28232
仮設・足場資材,安全帯（フルハーネス型）,個,28231,28233
仮設・足場資材,安全靴鋼芯,足,28235,28236
仮設・足場資材,安全靴（鋼芯）,足,28235,28238
仮設・足場資材,工事現場LED投光器50W,個,28241,28242
仮設・足場資材,枠組み足場30坪1月,式,28255,28256
仮設・足場資材,枠組み足場（30坪 1月）,式,28255,28257
仮設・足場資材,蛍光ベスト高視認,枚,28279,28280
仮設・足場資材,防塵マスクN95 10枚,箱,28311,28313
仮設・足場資材,防塵マスク（N95 10枚）,箱,28311,28314
仮設・足場資材,飛散防止メッシュ1.8×5.4m,枚,28323,28324
仮設・足場資材,飛散防止メッシュ（1.8×5.4m）,枚,28323,28325
仮設・足場資材,養生シート（防炎 1.8×5.4m）,枚,28328,28332
仮設・足場資材,高所作業車10m1日,日,28339,28343
仮設・足場資材,高所作業車（10m 1日）,日,28339,28344
住宅設備（収納・造作）,LGSスタッド65mm,本,28350,28352
住宅設備（収納・造作）,LGSランナー65mm,m,28351,28353
住宅設備（収納・造作）,パントリー（可動棚 1m2）,m2,29621,29622
住宅設備（収納・造作）,捨貼合板12mm3×6,枚,29798,29799
住宅設備（収納・造作）,洗面収納（三面鏡 W900）,台,30011,30012
住宅設備（収納・造作）,玄関収納（シューズクローク W1800）,台,30014,30015
住宅設備（収納・造作）,野縁30×40×4m,本,30251,30252
住宅設備（収納・造作）,食器棚（カップボード W2400）,台,30267,30268
塗装・コーキング・接着剤,コーキング材（アクリル系 クリア 333ml）,本,31901,31949
塗装・コーキング・接着剤,コーキング材（アクリル系 グレー 333ml）,本,31903,31950
塗装・コーキング・接着剤,コーキング材（アクリル系 ニュートラルグレー 333ml）,本,31904,31951
塗装・コーキング・接着剤,コーキング材（アクリル系 ブラウン 333ml）,本,31905,31952
塗装・コーキング・接着剤,コーキング材（アクリル系 ブラック 333ml）,本,31906,31953
塗装・コーキング・接着剤,コーキング材（アクリル系 ベージュ 333ml）,本,31907,31954
塗装・コーキング・接着剤,コーキング材（アクリル系 白 333ml）,本,31908,31955
塗装・コーキング・接着剤,コーキング材（シリコン クリア 333ml）,本,31909,31956
塗装・コーキング・接着剤,コーキング材（シリコン グレー 333ml）,本,31911,31957
塗装・コーキング・接着剤,コーキング材（シリコン ニュートラルグレー 333ml）,本,31912,31958
塗装・コーキング・接着剤,コーキング材（シリコン ブラウン 333ml）,本,31913,31959
塗装・コーキング・接着剤,コーキング材（シリコン ブラック 333ml）,本,31914,31960
塗装・コーキング・接着剤,コーキング材（シリコン ベージュ 333ml）,本,31915,31961
塗装・コーキング・接着剤,コーキング材（シリコン 白 333ml）,本,31916,31962
塗装・コーキング・接着剤,コーキング材（ブチルゴム クリア 333ml）,本,31917,31963
塗装・コーキング・接着剤,コーキング材（ブチルゴム グレー 333ml）,本,31919,31964
塗装・コーキング・接着剤,コーキング材（ブチルゴム ニュートラルグレー 333ml）,本,31920,31965
塗装・コーキング・接着剤,コーキング材（ブチルゴム ブラウン 333ml）,本,31921,31966
塗装・コーキング・接着剤,コーキング材（ブチルゴム ブラック 333ml）,本,31922,31967
塗装・コーキング・接着剤,コーキング材（ブチルゴム ベージュ 333ml）,本,31923,31968
塗装・コーキング・接着剤,コーキング材（ブチルゴム 白 333ml）,本,31924,31969
塗装・コーキング・接着剤,コーキング材（ポリウレタン クリア 333ml）,本,31925,31970
塗装・コーキング・接着剤,コーキング材（ポリウレタン グレー 333ml）,本,31927,31971
塗装・コーキング・接着剤,コーキング材（ポリウレタン ニュートラルグレー 333ml）,本,31928,31972
塗装・コーキング・接着剤,コーキング材（ポリウレタン ブラウン 333ml）,本,31929,31973
塗装・コーキング・接着剤,コーキング材（ポリウレタン ブラック 333ml）,本,31930,31974
塗装・コーキング・接着剤,コーキング材（ポリウレタン ベージュ 333ml）,本,31931,31975
塗装・コーキング・接着剤,コーキング材（ポリウレタン 白 333ml）,本,31932,31976
塗装・コーキング・接着剤,コーキング材（ポリサルファイド クリア 333ml）,本,31933,31977
塗装・コーキング・接着剤,コーキング材（ポリサルファイド グレー 333ml）,本,31935,31978
塗装・コーキング・接着剤,コーキング材（ポリサルファイド ニュートラルグレー 333ml）,本,31936,31979
塗装・コーキング・接着剤,コーキング材（ポリサルファイド ブラウン 333ml）,本,31937,31980
塗装・コーキング・接着剤,コーキング材（ポリサルファイド ブラック 333ml）,本,31938,31981
塗装・コーキング・接着剤,コーキング材（ポリサルファイド ベージュ 333ml）,本,31939,31982
塗装・コーキング・接着剤,コーキング材（ポリサルファイド 白 333ml）,本,31940,31983
塗装・コーキング・接着剤,コーキング材（変性シリコン クリア 333ml）,本,31941,31984
塗装・コーキング・接着剤,コーキング材（変性シリコン グレー 333ml）,本,31943,31985
塗装・コーキング・接着剤,コーキング材（変性シリコン ニュートラルグレー 333ml）,本,31944,31986
塗装・コーキング・接着剤,コーキング材（変性シリコン ブラウン 333ml）,本,31945,31987
塗装・コーキング・接着剤,コーキング材（変性シリコン ブラック 333ml）,本,31946,31988
塗装・コーキング・接着剤,コーキング材（変性シリコン ベージュ 333ml）,本,31947,31989
塗装・コーキング・接着剤,コーキング材（変性シリコン 白 333ml）,本,31948,31990
塗装・コーキング・接着剤,壁用接着剤（ボンドE350 1kg）,缶,32023,32024
塗装・コーキング・接着剤,床用接着剤（フロアメント 16kg）,缶,32053,32055
外壁材・外装,窯業系サイディング（ケイミュー 12mm タイル調）,m2,34920,35060
外壁材・外装,窯業系サイディング（ケイミュー 12mm フラット調）,m2,34921,35061
外壁材・外装,窯業系サイディング（ケイミュー 12mm プレミアム）,m2,34922,35062
外壁材・外装,窯業系サイディング（ケイミュー 12mm レンガ調）,m2,34923,35063
外壁材・外装,窯業系サイディング（ケイミュー 12mm 木目調）,m2,34924,35064
外壁材・外装,窯業系サイディング（ケイミュー 12mm 柄入り）,m2,34925,35065
外壁材・外装,窯業系サイディング（ケイミュー 12mm 石目調）,m2,34926,35066
外壁材・外装,窯業系サイディング（ケイミュー 14mm タイル調）,m2,34927,35067
外壁材・外装,窯業系サイディング（ケイミュー 14mm フラット調）,m2,34928,35068
外壁材・外装,窯業系サイディング（ケイミュー 14mm プレミアム）,m2,34929,35069
外壁材・外装,窯業系サイディング（ケイミュー 14mm レンガ調）,m2,34930,35070
外壁材・外装,窯業系サイディング（ケイミュー 14mm 木目調）,m2,34931,35071
外壁材・外装,窯業系サイディング（ケイミュー 14mm 柄入り）,m2,34932,35072
外壁材・外装,窯業系サイディング（ケイミュー 14mm 石目調）,m2,34933,35073
外壁材・外装,窯業系サイディング（ケイミュー 16mm タイル調）,m2,34934,35074
外壁材・外装,窯業系サイディング（ケイミュー 16mm フラット調）,m2,34935,35075
外壁材・外装,窯業系サイディング（ケイミュー 16mm プレミアム）,m2,34936,35076
外壁材・外装,窯業系サイディング（ケイミュー 16mm レンガ調）,m2,34937,35077
外壁材・外装,窯業系サイディング（ケイミュー 16mm 木目調）,m2,34938,35078
外壁材・外装,窯業系サイディング（ケイミュー 16mm 柄入り）,m2,34939,35079
外壁材・外装,窯業系サイディング（ケイミュー 16mm 石目調）,m2,34940,35080
外壁材・外装,窯業系サイディング（ケイミュー 18mm タイル調）,m2,34941,35081
外壁材・外装,窯業系サイディング（ケイミュー 18mm フラット調）,m2,34942,35082
外壁材・外装,窯業系サイディング（ケイミュー 18mm プレミアム）,m2,34943,35083
外壁材・外装,窯業系サイディング（ケイミュー 18mm レンガ調）,m2,34944,35084
外壁材・外装,窯業系サイディング（ケイミュー 18mm 木目調）,m2,34945,35085
外壁材・外装,窯業系サイディング（ケイミュー 18mm 柄入り）,m2,34946,35086
外壁材・外装,窯業系サイディング（ケイミュー 18mm 石目調）,m2,34947,35087
外壁材・外装,窯業系サイディング（ケイミュー 21mm タイル調）,m2,34948,35088
外壁材・外装,窯業系サイディング（ケイミュー 21mm フラット調）,m2,34949,35089
外壁材・外装,窯業系サイディング（ケイミュー 21mm プレミアム）,m2,34950,35090
外壁材・外装,窯業系サイディング（ケイミュー 21mm レンガ調）,m2,34951,35091
外壁材・外装,窯業系サイディング（ケイミュー 21mm 木目調）,m2,34952,35092
外壁材・外装,窯業系サイディング（ケイミュー 21mm 柄入り）,m2,34953,35093
外壁材・外装,窯業系サイディング（ケイミュー 21mm 石目調）,m2,34954,35094
外壁材・外装,窯業系サイディング（ニチハ 12mm タイル調）,m2,34955,35095
外壁材・外装,窯業系サイディング（ニチハ 12mm フラット調）,m2,34956,35096
外壁材・外装,窯業系サイディング（ニチハ 12mm プレミアム）,m2,34957,35097
外壁材・外装,窯業系サイディング（ニチハ 12mm レンガ調）,m2,34958,35098
外壁材・外装,窯業系サイディング（ニチハ 12mm 木目調）,m2,34959,35099
外壁材・外装,窯業系サイディング（ニチハ 12mm 柄入り）,m2,34960,35100
外壁材・外装,窯業系サイディング（ニチハ 12mm 石目調）,m2,34961,35101
外壁材・外装,窯業系サイディング（ニチハ 14mm タイル調）,m2,34962,35102
外壁材・外装,窯業系サイディング（ニチハ 14mm フラット調）,m2,34963,35103
外壁材・外装,窯業系サイディング（ニチハ 14mm プレミアム）,m2,34964,35104
外壁材・外装,窯業系サイディング（ニチハ 14mm レンガ調）,m2,34965,35105
外壁材・外装,窯業系サイディング（ニチハ 14mm 木目調）,m2,34966,35106
外壁材・外装,窯業系サイディング（ニチハ 14mm 柄入り）,m2,34967,35107
外壁材・外装,窯業系サイディング（ニチハ 14mm 石目調）,m2,34968,35108
外壁材・外装,窯業系サイディング（ニチハ 16mm タイル調）,m2,34969,35109
外壁材・外装,窯業系サイディング（ニチハ 16mm フラット調）,m2,34970,35110
外壁材・外装,窯業系サイディング（ニチハ 16mm プレミアム）,m2,34971,35111
外壁材・外装,窯業系サイディング（ニチハ 16mm レンガ調）,m2,34972,35112
外壁材・外装,窯業系サイディング（ニチハ 16mm 木目調）,m2,34973,35113
外壁材・外装,窯業系サイディング（ニチハ 16mm 柄入り）,m2,34974,35114
外壁材・外装,窯業系サイディング（ニチハ 16mm 石目調）,m2,34975,35115
外壁材・外装,窯業系サイディング（ニチハ 18mm タイル調）,m2,34976,35116
外壁材・外装,窯業系サイディング（ニチハ 18mm フラット調）,m2,34977,35117
外壁材・外装,窯業系サイディング（ニチハ 18mm プレミアム）,m2,34978,35118
外壁材・外装,窯業系サイディング（ニチハ 18mm レンガ調）,m2,34979,35119
外壁材・外装,窯業系サイディング（ニチハ 18mm 木目調）,m2,34980,35120
外壁材・外装,窯業系サイディング（ニチハ 18mm 柄入り）,m2,34981,35121
外壁材・外装,窯業系サイディング（ニチハ 18mm 石目調）,m2,34982,35122
外壁材・外装,窯業系サイディング（ニチハ 21mm タイル調）,m2,34983,35123
外壁材・外装,窯業系サイディング（ニチハ 21mm フラット調）,m2,34984,35124
外壁材・外装,窯業系サイディング（ニチハ 21mm プレミアム）,m2,34985,35125
外壁材・外装,窯業系サイディング（ニチハ 21mm レンガ調）,m2,34986,35126
外壁材・外装,窯業系サイディング（ニチハ 21mm 木目調）,m2,34987,35127
外壁材・外装,窯業系サイディング（ニチハ 21mm 柄入り）,m2,34988,35128
外壁材・外装,窯業系サイディング（ニチハ 21mm 石目調）,m2,34989,35129
外壁材・外装,窯業系サイディング（住友スリーエム 12mm タイル調）,m2,34990,35130
外壁材・外装,窯業系サイディング（住友スリーエム 12mm フラット調）,m2,34991,35131
外壁材・外装,窯業系サイディング（住友スリーエム 12mm プレミアム）,m2,34992,35132
外壁材・外装,窯業系サイディング（住友スリーエム 12mm レンガ調）,m2,34993,35133
外壁材・外装,窯業系サイディング（住友スリーエム 12mm 木目調）,m2,34994,35134
外壁材・外装,窯業系サイディング（住友スリーエム 12mm 柄入り）,m2,34995,35135
外壁材・外装,窯業系サイディング（住友スリーエム 12mm 石目調）,m2,34996,35136
外壁材・外装,窯業系サイディング（住友スリーエム 14mm タイル調）,m2,34997,35137
外壁材・外装,窯業系サイディング（住友スリーエム 14mm フラット調）,m2,34998,35138
外壁材・外装,窯業系サイディング（住友スリーエム 14mm プレミアム）,m2,34999,35139
外壁材・外装,窯業系サイディング（住友スリーエム 14mm レンガ調）,m2,35000,35140
外壁材・外装,窯業系サイディング（住友スリーエム 14mm 木目調）,m2,35001,35141
外壁材・外装,窯業系サイディング（住友スリーエム 14mm 柄入り）,m2,35002,35142
外壁材・外装,窯業系サイディング（住友スリーエム 14mm 石目調）,m2,35003,35143
外壁材・外装,窯業系サイディング（住友スリーエム 16mm タイル調）,m2,35004,35144
外壁材・外装,窯業系サイディング（住友スリーエム 16mm フラット調）,m2,35005,35145
外壁材・外装,窯業系サイディング（住友スリーエム 16mm プレミアム）,m2,35006,35146
外壁材・外装,窯業系サイディング（住友スリーエム 16mm レンガ調）,m2,35007,35147
外壁材・外装,窯業系サイディング（住友スリーエム 16mm 木目調）,m2,35008,35148
外壁材・外装,窯業系サイディング（住友スリーエム 16mm 柄入り）,m2,35009,35149
外壁材・外装,窯業系サイディング（住友スリーエム 16mm 石目調）,m2,35010,35150
外壁材・外装,窯業系サイディング（住友スリーエム 18mm タイル調）,m2,35011,35151
外壁材・外装,窯業系サイディング（住友スリーエム 18mm フラット調）,m2,35012,35152
外壁材・外装,窯業系サイディング（住友スリーエム 18mm プレミアム）,m2,35013,35153
外壁材・外装,窯業系サイディング（住友スリーエム 18mm レンガ調）,m2,35014,35154
外壁材・外装,窯業系サイディング（住友スリーエム 18mm 木目調）,m2,35015,35155
外壁材・外装,窯業系サイディング（住友スリーエム 18mm 柄入り）,m2,35016,35156
外壁材・外装,窯業系サイディング（住友スリーエム 18mm 石目調）,m2,35017,35157
外壁材・外装,窯業系サイディング（住友スリーエム 21mm タイル調）,m2,35018,35158
外壁材・外装,窯業系サイディング（住友スリーエム 21mm フラット調）,m2,35019,35159
外壁材・外装,窯業系サイディング（住友スリーエム 21mm プレミアム）,m2,35020,35160
外壁材・外装,窯業系サイディング（住友スリーエム 21mm レンガ調）,m2,35021,35161
外壁材・外装,窯業系サイディング（住友スリーエム 21mm 木目調）,m2,35022,35162
外壁材・外装,窯業系サイディング（住友スリーエム 21mm 柄入り）,m2,35023,35163
外壁材・外装,窯業系サイディング（住友スリーエム 21mm 石目調）,m2,35024,35164
外壁材・外装,窯業系サイディング（旭トステム 12mm タイル調）,m2,35025,35165
外壁材・外装,窯業系サイディング（旭トステム 12mm フラット調）,m2,35026,35166
外壁材・外装,窯業系サイディング（旭トステム 12mm プレミアム）,m2,35027,35167
外壁材・外装,窯業系サイディング（旭トステム 12mm レンガ調）,m2,35028,35168
外壁材・外装,窯業系サイディング（旭トステム 12mm 木目調）,m2,35029,35169
外壁材・外装,窯業系サイディング（旭トステム 12mm 柄入り）,m2,35030,35170
外壁材・外装,窯業系サイディング（旭トステム 12mm 石目調）,m2,35031,35171
外壁材・外装,窯業系サイディング（旭トステム 14mm タイル調）,m2,35032,35172
外壁材・外装,窯業系サイディング（旭トステム 14mm フラット調）,m2,35033,35173
外壁材・外装,窯業系サイディング（旭トステム 14mm プレミアム）,m2,35034,35174
外壁材・外装,窯業系サイディング（旭トステム 14mm レンガ調）,m2,35035,35175
外壁材・外装,窯業系サイディング（旭トステム 14mm 木目調）,m2,35036,35176
外壁材・外装,窯業系サイディング（旭トステム 14mm 柄入り）,m2,35037,35177
外壁材・外装,窯業系サイディング（旭トステム 14mm 石目調）,m2,35038,35178
外壁材・外装,窯業系サイディング（旭トステム 16mm タイル調）,m2,35039,35179
外壁材・外装,窯業系サイディング（旭トステム 16mm フラット調）,m2,35040,35180
外壁材・外装,窯業系サイディング（旭トステム 16mm プレミアム）,m2,35041,35181
外壁材・外装,窯業系サイディング（旭トステム 16mm レンガ調）,m2,35042,35182
外壁材・外装,窯業系サイディング（旭トステム 16mm 木目調）,m2,35043,35183
外壁材・外装,窯業系サイディング（旭トステム 16mm 柄入り）,m2,35044,35184
外壁材・外装,窯業系サイディング（旭トステム 16mm 石目調）,m2,35045,35185
外壁材・外装,窯業系サイディング（旭トステム 18mm タイル調）,m2,35046,35186
外壁材・外装,窯業系サイディング（旭トステム 18mm フラット調）,m2,35047,35187
外壁材・外装,窯業系サイディング（旭トステム 18mm プレミアム）,m2,35048,35188
外壁材・外装,窯業系サイディング（旭トステム 18mm レンガ調）,m2,35049,35189
外壁材・外装,窯業系サイディング（旭トステム 18mm 木目調）,m2,35050,35190
外壁材・外装,窯業系サイディング（旭トステム 18mm 柄入り）,m2,35051,35191
外壁材・外装,窯業系サイディング（旭トステム 18mm 石目調）,m2,35052,35192
外壁材・外装,窯業系サイディング（旭トステム 21mm タイル調）,m2,35053,35193
外壁材・外装,窯業系サイディング（旭トステム 21mm フラット調）,m2,35054,35194
外壁材・外装,窯業系サイディング（旭トステム 21mm プレミアム）,m2,35055,35195
外壁材・外装,窯業系サイディング（旭トステム 21mm レンガ調）,m2,35056,35196
外壁材・外装,窯業系サイディング（旭トステム 21mm 木目調）,m2,35057,35197
外壁材・外装,窯業系サイディング（旭トステム 21mm 柄入り）,m2,35058,35198
外壁材・外装,窯業系サイディング（旭トステム 21mm 石目調）,m2,35059,35199
外構・仕上げ,LIXIL 門扉 両開きW1600,式,35226,35227
外構・仕上げ,LIXIL 門扉 片開きW900,式,35228,35230
外構・仕上げ,YKK AP 門扉 両開きW1600,式,35247,35248
外構・仕上げ,YKK AP 門扉 片開きW900,式,35249,35251
外構・仕上げ,ウッドデッキ材（イペ 90×20×2m）,本,35464,35467
外構・仕上げ,ウッドデッキ材（人工木 1m2）,m2,35466,35468
外構・仕上げ,セメント（25kg）,袋,35703,35704
外構・仕上げ,タカショー 門扉 両開きW1600,式,35721,35722
外構・仕上げ,タカショー 門扉 片開きW900,式,35723,35725
外構・仕上げ,三協アルミ 門扉 両開きW1600,式,36136,36137
外構・仕上げ,三協アルミ 門扉 片開きW900,式,36138,36140
外構・仕上げ,人工芝（標準品 1m2）,m2,36336,36339
外構・仕上げ,人工芝（高品質 1m2）,m2,36337,36340
外構・仕上げ,四国化成 門扉 両開きW1600,式,36359,36360
外構・仕上げ,四国化成 門扉 片開きW900,式,36361,36363
外構・仕上げ,平板（300×300 コンクリート）,枚,36509,36512
外構・仕上げ,平板（600×300 コンクリート）,枚,36510,36514
外構・仕上げ,御影石平板（600×300）,枚,36516,36517
外構・仕上げ,砂利（白砕石 1m3）,m3,36694,36699
外構・仕上げ,砂（川砂 20kg）,袋,36692,36700
外構・仕上げ,腐葉土（40L）,袋,36773,36774
外構・仕上げ,芝生（コウライシバ 1m2）,m2,36777,36778
外構・仕上げ,防草シート（1m×10m）,巻,36789,36791
左官・モルタル材料,カラーモルタル（赤系 5kg）,袋,40307,40309
左官・モルタル材料,グラウト無収縮20kg,袋,40311,40312
左官・モルタル材料,グラウト（無収縮 20kg）,袋,40311,40313
左官・モルタル材料,コンクリート用エポキシ（4L）,缶,40314,40315
左官・モルタル材料,シロアリ駆除剤バリア工法18L,缶,40319,40320
左官・モルタル材料,シーラー浸透固化（4L）,缶,40321,40322
左官・モルタル材料,ジョリパット（外壁用 20kg）,袋,40324,40325
左官・モルタル材料,スタッコ（外壁用 18kg）,袋,40327,40328
左官・モルタル材料,セメントモルタル（ドライ 25kg）,袋,40329,40331
左官・モルタル材料,セメントモルタル（速硬 25kg）,袋,40330,40332
左官・モルタル材料,フレキシブルモルタル（20kg）,袋,40344,40345
左官・モルタル材料,プライマー外壁用（4L）,缶,40347,40348
左官・モルタル材料,リシン（外壁用 20kg）,袋,40363,40364
左官・モルタル材料,レベラー床用20kg,袋,40365,40366
左官・モルタル材料,レベラー（床用 20kg）,袋,40365,40367
左官・モルタル材料,大津壁材5kg,袋,40429,40430
左官・モルタル材料,大津壁材（5kg）,袋,40429,40431
左官・モルタル材料,屋根用遮熱シリコン15kg,缶,40435,40436
左官・モルタル材料,接着モルタル20kg,袋,40457,40458
左官・モルタル材料,接着モルタル（20kg）,袋,40457,40459
左官・モルタル材料,漆喰（内装用 5kg）,袋,40465,40469
左官・モルタル材料,漆喰（外装用 15kg）,袋,40466,40470
左官・モルタル材料,漆喰（本漆喰 5kg）,袋,40467,40472
左官・モルタル材料,珪藻土（内装用 5kg）,袋,40475,40479
左官・モルタル材料,珪藻土（高品質 5kg）,袋,40476,40480
左官・モルタル材料,砂壁材5kg,袋,40499,40500
左官・モルタル材料,砂壁材（5kg）,袋,40499,40501
左官・モルタル材料,聚楽壁材5kg,袋,40504,40505
左官・モルタル材料,聚楽壁材（5kg）,袋,40504,40506
左官・モルタル材料,防水モルタル20kg,袋,40511,40512
左官・モルタル材料,防水モルタル（20kg）,袋,40511,40513
左官・モルタル材料,防腐剤ACQ水性18L,缶,40515,40517
左官・モルタル材料,防腐剤キシラデコール4L,缶,40516,40518
左官・モルタル材料,防蟻処理剤マイクロカプセル18L,缶,40520,40523
左官・モルタル材料,防蟻処理剤乳剤系18L,缶,40521,40524
左官・モルタル材料,防蟻処理剤土壌用18L,缶,40522,40525
断熱材,断熱材 スタイロフォームEX（100mm）,m2,44056,44069
断熱材,断熱材 スタイロフォームEX（120mm）,m2,44057,44070
断熱材,断熱材 スタイロフォームEX（140mm）,m2,44058,44071
断熱材,断熱材 スタイロフォームEX（155mm）,m2,44059,44072
断熱材,断熱材 スタイロフォームEX（170mm）,m2,44060,44073
断熱材,断熱材 スタイロフォームEX（185mm）,m2,44061,44074
断熱材,断熱材 スタイロフォームEX（200mm）,m2,44062,44075
断熱材,断熱材 スタイロフォームEX（25mm）,m2,44063,44076
断熱材,断熱材 スタイロフォームEX（35mm）,m2,44064,44077
断熱材,断熱材 スタイロフォームEX（50mm）,m2,44065,44078
断熱材,断熱材 スタイロフォームEX（65mm）,m2,44066,44079
断熱材,断熱材 スタイロフォームEX（75mm）,m2,44067,44080
断熱材,断熱材 スタイロフォームEX（90mm）,m2,44068,44081
断熱材,断熱材 スタイロフォームIB（100mm）,m2,44082,44095
断熱材,断熱材 スタイロフォームIB（120mm）,m2,44083,44096
断熱材,断熱材 スタイロフォームIB（140mm）,m2,44084,44097
断熱材,断熱材 スタイロフォームIB（155mm）,m2,44085,44098
断熱材,断熱材 スタイロフォームIB（170mm）,m2,44086,44099
断熱材,断熱材 スタイロフォームIB（185mm）,m2,44087,44100
断熱材,断熱材 スタイロフォームIB（200mm）,m2,44088,44101
断熱材,断熱材 スタイロフォームIB（25mm）,m2,44089,44102
断熱材,断熱材 スタイロフォームIB（35mm）,m2,44090,44103
断熱材,断熱材 スタイロフォームIB（50mm）,m2,44091,44104
断熱材,断熱材 スタイロフォームIB（65mm）,m2,44092,44105
断熱材,断熱材 スタイロフォームIB（75mm）,m2,44093,44106
断熱材,断熱材 スタイロフォームIB（90mm）,m2,44094,44107
断熱材,断熱材 セルロースファイバー（100mm）,m2,44108,44121
断熱材,断熱材 セルロースファイバー（120mm）,m2,44109,44122
断熱材,断熱材 セルロースファイバー（140mm）,m2,44110,44123
断熱材,断熱材 セルロースファイバー（155mm）,m2,44111,44124
断熱材,断熱材 セルロースファイバー（170mm）,m2,44112,44125
断熱材,断熱材 セルロースファイバー（185mm）,m2,44113,44126
断熱材,断熱材 セルロースファイバー（200mm）,m2,44114,44127
断熱材,断熱材 セルロースファイバー（25mm）,m2,44115,44128
断熱材,断熱材 セルロースファイバー（35mm）,m2,44116,44129
断熱材,断熱材 セルロースファイバー（50mm）,m2,44117,44130
断熱材,断熱材 セルロースファイバー（65mm）,m2,44118,44131
断熱材,断熱材 セルロースファイバー（75mm）,m2,44119,44132
断熱材,断熱材 セルロースファイバー（90mm）,m2,44120,44133
断熱材,断熱材 炭化コルク（100mm）,m2,44225,44238
断熱材,断熱材 炭化コルク（120mm）,m2,44226,44239
断熱材,断熱材 炭化コルク（140mm）,m2,44227,44240
断熱材,断熱材 炭化コルク（155mm）,m2,44228,44241
断熱材,断熱材 炭化コルク（170mm）,m2,44229,44242
断熱材,断熱材 炭化コルク（185mm）,m2,44230,44243
断熱材,断熱材 炭化コルク（200mm）,m2,44231,44244
断熱材,断熱材 炭化コルク（25mm）,m2,44232,44245
断熱材,断熱材 炭化コルク（35mm）,m2,44233,44246
断熱材,断熱材 炭化コルク（50mm）,m2,44234,44247
断熱材,断熱材 炭化コルク（65mm）,m2,44235,44248
断熱材,断熱材 炭化コルク（75mm）,m2,44236,44249
断熱材,断熱材 炭化コルク（90mm）,m2,44237,44250
断熱材,断熱材 硬質ウレタンボード（100mm）,m2,44277,44290
断熱材,断熱材 硬質ウレタンボード（120mm）,m2,44278,44291
断熱材,断熱材 硬質ウレタンボード（140mm）,m2,44279,44292
断熱材,断熱材 硬質ウレタンボード（155mm）,m2,44280,44293
断熱材,断熱材 硬質ウレタンボード（170mm）,m2,44281,44294
断熱材,断熱材 硬質ウレタンボード（185mm）,m2,44282,44295
断熱材,断熱材 硬質ウレタンボード（200mm）,m2,44283,44296
断熱材,断熱材 硬質ウレタンボード（25mm）,m2,44284,44297
断熱材,断熱材 硬質ウレタンボード（35mm）,m2,44285,44298
断熱材,断熱材 硬質ウレタンボード（50mm）,m2,44286,44299
断熱材,断熱材 硬質ウレタンボード（65mm）,m2,44287,44300
断熱材,断熱材 硬質ウレタンボード（75mm）,m2,44288,44301
断熱材,断熱材 硬質ウレタンボード（90mm）,m2,44289,44302
断熱材,断熱材 羊毛断熱材（100mm）,m2,44303,44316
断熱材,断熱材 羊毛断熱材（120mm）,m2,44304,44317
断熱材,断熱材 羊毛断熱材（140mm）,m2,44305,44318
断熱材,断熱材 羊毛断熱材（155mm）,m2,44306,44319
断熱材,断熱材 羊毛断熱材（170mm）,m2,44307,44320
断熱材,断熱材 羊毛断熱材（185mm）,m2,44308,44321
断熱材,断熱材 羊毛断熱材（200mm）,m2,44309,44322
断熱材,断熱材 羊毛断熱材（25mm）,m2,44310,44323
断熱材,断熱材 羊毛断熱材（35mm）,m2,44311,44324
断熱材,断熱材 羊毛断熱材（50mm）,m2,44312,44325
断熱材,断熱材 羊毛断熱材（65mm）,m2,44313,44326
断熱材,断熱材 羊毛断熱材（75mm）,m2,44314,44327
断熱材,断熱材 羊毛断熱材（90mm）,m2,44315,44328
木構造材（補修・追加）,集成材（105×105×3m）,本,46167,46176
木構造材（補修・追加）,集成材（105×105×4m）,本,46168,46177
木構造材（補修・追加）,集成材（105×210×3m）,本,46169,46182
木構造材（補修・追加）,集成材（105×210×4m）,本,46170,46183
木構造材（補修・追加）,集成材（120×120×3m）,本,46171,46186
木構造材（補修・追加）,集成材（120×120×4m）,本,46172,46187
構造用合板・面材,シナ合板（両面） 12mm 3×6,枚,46249,46269
構造用合板・面材,シナ合板（両面） 15mm 3×6,枚,46251,46270
構造用合板・面材,シナ合板（両面） 4mm 3×6,枚,46255,46271
構造用合板・面材,シナ合板（両面） 9mm 3×6,枚,46257,46273
構造用合板・面材,シナ合板（片面） 12mm 3×6,枚,46259,46274
構造用合板・面材,シナ合板（片面） 15mm 3×6,枚,46261,46275
構造用合板・面材,シナ合板（片面） 18mm 3×6,枚,46263,46276
構造用合板・面材,シナ合板（片面） 4mm 3×6,枚,46265,46277
構造用合板・面材,シナ合板（片面） 9mm 3×6,枚,46267,46279
構造用合板・面材,構造用合板（F☆☆☆☆） 12mm 3×6,枚,46320,46330
構造用合板・面材,構造用合板（F☆☆☆☆） 15mm 3×6,枚,46322,46331
構造用合板・面材,構造用合板（F☆☆☆☆） 18mm 3×6,枚,46324,46332
構造用合板・面材,構造用合板（F☆☆☆☆） 24mm 3×6,枚,46326,46333
構造用合板・面材,構造用合板（F☆☆☆☆） 9mm 3×6,枚,46328,46334
産廃・廃材処理,廃プラ・断熱材処分費（1m³）,m³,53309,53311
省エネ・ZEH設備,EV充電設備急速15kW,台,53357,53362
省エネ・ZEH設備,EV充電設備普通3kW200V,台,53360,53363
省エネ・ZEH設備,パワーコンディショナ（5.5kW）,台,53475,53480
給排水配管材,VP管（給水）（13mm）,m,57347,57356
給排水配管材,VP管（給水）（20mm）,m,57349,57357
給排水配管材,VP管（給水）（25mm）,m,57351,57358
給排水配管材,VP管（給水）（30mm）,m,57353,57359
給排水配管材,VP管（給水）（40mm）,m,57354,57360
給排水配管材,VP管（給水）（50mm）,m,57355,57361
給排水配管材,VU管（排水）（100mm）,m,57495,57507
給排水配管材,VU管（排水）（125mm）,m,57497,57508
給排水配管材,VU管（排水）（150mm）,m,57498,57509
給排水配管材,VU管（排水）（30mm）,m,57499,57510
給排水配管材,VU管（排水）（40mm）,m,57501,57511
給排水配管材,VU管（排水）（50mm）,m,57502,57512
給排水配管材,VU管（排水）（65mm）,m,57504,57513
給排水配管材,VU管（排水）（75mm）,m,57505,57514
給排水配管材,ステンレス管（13mm）,m,57529,57534
給排水配管材,ステンレス管（20mm）,m,57530,57535
給排水配管材,ステンレス管（25mm）,m,57531,57536
給排水配管材,ステンレス管（32mm）,m,57532,57537
給排水配管材,ステンレス管（40mm）,m,57533,57538
給排水配管材,架橋ポリ管（10mm）,m,57651,57658
給排水配管材,架橋ポリ管（13mm）,m,57652,57659
給排水配管材,架橋ポリ管（16mm）,m,57654,57660
給排水配管材,架橋ポリ管（20mm）,m,57655,57661
給排水配管材,架橋ポリ管（25mm）,m,57657,57662
給排水配管材,浄水器（ビルトイン）,台,57734,57735
給排水配管材,銅管（10mm）,m,57769,57811
給排水配管材,銅管（13mm）,m,57770,57812
給排水配管材,銅管（16mm）,m,57771,57813
給排水配管材,銅管（20mm）,m,57772,57814
給排水配管材,銅管（8mm）,m,57773,57815
給湯器,ノーリツ 給湯器（16号 標準）,台,57868,57929
給湯器,ノーリツ 給湯器（20号 標準）,台,57888,57932
給湯器,ノーリツ 給湯器（24号 標準）,台,57910,57935
給湯器,パナソニック 給湯器（16号 標準）,台,57938,57953
給湯器,パナソニック 給湯器（20号 標準）,台,57942,57956
給湯器,パナソニック 給湯器（24号 標準）,台,57946,57959
給湯器,パーパス 給湯器（16号 標準）,台,57997,58004
給湯器,パーパス 給湯器（20号 標準）,台,57999,58007
給湯器,パーパス 給湯器（24号 標準）,台,58001,58010
給湯器,ヒートポンプ給湯器（370L）,台,58011,58014
給湯器,ヒートポンプ給湯器（460L）,台,58012,58015
給湯器,リンナイ 給湯器（16号 標準）,台,58027,58063
給湯器,リンナイ 給湯器（20号 標準）,台,58040,58066
給湯器,リンナイ 給湯器（24号 標準）,台,58054,58069
衛生器具（トイレ・洗面）,LIXIL ウォシュレット上位,式,58178,58180
衛生器具（トイレ・洗面）,LIXIL ウォシュレット標準,式,58179,58183
衛生器具（トイレ・洗面）,TOTO ウォシュレット上位,式,58967,58969
衛生器具（トイレ・洗面）,TOTO ウォシュレット標準,式,58968,58972
衛生器具（トイレ・洗面）,タカラスタンダード ウォシュレット上位,式,59872,59874
衛生器具（トイレ・洗面）,タカラスタンダード ウォシュレット標準,式,59873,59877
衛生器具（トイレ・洗面）,パナソニック ウォシュレット上位,式,60199,60235
衛生器具（トイレ・洗面）,パナソニック ウォシュレット標準,式,60200,60238
解体・廃材処理,RC造解体（坪単価）,坪,60654,60656
解体・廃材処理,はつり工事（コンクリート m2）,m2,60659,60660
解体・廃材処理,アスベスト分析（1検体）,検体,60661,60662
解体・廃材処理,アスベスト除去 レベル3（m2）,m2,60665,60666
解体・廃材処理,ガラ搬出費（4t）,回,60669,60670
解体・廃材処理,内装解体（坪単価）,坪,60675,60677
解体・廃材処理,廃棄物処理 コンクリート（1t）,t,60689,60690
解体・廃材処理,廃棄物処理 木材（1t）,t,60693,60694
解体・廃材処理,廃棄物処理 混合廃材（1t）,t,60695,60696
解体・廃材処理,廃棄物処理 石膏ボード（1t）,t,60697,60698
解体・廃材処理,廃棄物収集運搬（2tトラック）,台,60701,60704
解体・廃材処理,廃棄物収集運搬（4tトラック）,台,60702,60705
解体・廃材処理,木造解体（坪単価 標準）,坪,60706,60711
解体・廃材処理,木造解体（坪単価 重機）,坪,60707,60712
解体・廃材処理,残土処分（1m3）,m3,60714,60715
解体・廃材処理,解体後整地（坪）,坪,60720,60721
解体・廃材処理,鉄骨造解体（坪単価）,坪,60722,60724
軒天・破風・雨樋,軒天ボード ケイカル板（4mm 910×1820）,枚,61954,61955
防水工事材料,FRP防水材（主剤 20kg）,缶,63606,63608
防水工事材料,FRP防水材（主剤）（16kg）,缶,63605,63609
防水工事材料,FRP防水材（主剤）（20kg）,缶,63606,63610
防水工事材料,FRP防水材（主剤）（8kg）,缶,63607,63611
防水工事材料,ウレタン防水材（主剤）（16kg）,缶,63617,63629
防水工事材料,ウレタン防水材（主剤）（20kg）,缶,63618,63630
防水工事材料,ウレタン防水材（主剤）（8kg）,缶,63619,63631
防水工事材料,ウレタン防水材（硬化剤）（16kg）,缶,63620,63632
防水工事材料,ウレタン防水材（硬化剤）（20kg）,缶,63621,63633
防水工事材料,ウレタン防水材（硬化剤）（8kg）,缶,63622,63634
防水工事材料,改質アスファルトシート（2mm）（16kg）,缶,63762,63769
防水工事材料,改質アスファルトシート（2mm）（20kg）,缶,63763,63770
防水工事材料,改質アスファルトシート（2mm）（8kg）,缶,63764,63771
防水工事材料,改質アスファルトシート（3mm）（16kg）,缶,63765,63774
防水工事材料,改質アスファルトシート（3mm）（20kg）,缶,63766,63775
防水工事材料,改質アスファルトシート（3mm）（8kg）,缶,63767,63776
防水工事材料,液体防水材（水性）（16kg）,缶,63780,63784
防水工事材料,液体防水材（水性）（20kg）,缶,63781,63785
防水工事材料,液体防水材（水性）（8kg）,缶,63782,63786
防犯・消防設備,住宅用火災警報器煙式,個,64019,64022
防犯・消防設備,住宅用火災警報器連動型,個,64021,64023
防犯・消防設備,住宅用火災警報器（煙式）,個,64019,64024
防犯・消防設備,住宅用火災警報器（熱式）,個,64020,64025
防犯・消防設備,住宅用火災警報器（連動型）,個,64021,64026
防犯・消防設備,消火器10型粉末,本,64052,64054
防犯・消防設備,煙感知器（スポット型）,個,64066,64068
防犯・消防設備,熱感知器（スポット型）,個,64069,64071
防犯・消防設備,自動火災報知設備（感知器）,個,64103,64104
防犯・消防設備,誘導灯B級片面,個,64110,64111
防犯・消防設備,誘導灯（B級 片面）,個,64110,64112
防犯・消防設備,非常用照明器具（埋込型）,個,64157,64159
防蟻・防腐処理,エコボロン PRO（ホウ酸系 18L）,缶,64167,64168
電気配線材,分電盤（主幹100A 12回路）,台,64845,64883
電気配線材,分電盤（主幹100A 16回路）,台,64846,64884
電気配線材,分電盤（主幹100A 20回路）,台,64847,64885
電気配線材,分電盤（主幹100A 24回路）,台,64848,64886
電気配線材,分電盤（主幹100A 30回路）,台,64849,64887
電気配線材,分電盤（主幹100A 8回路）,台,64850,64888
電気配線材,分電盤（主幹30A 12回路）,台,64851,64889
電気配線材,分電盤（主幹30A 16回路）,台,64852,64890
電気配線材,分電盤（主幹30A 20回路）,台,64853,64891
電気配線材,分電盤（主幹30A 24回路）,台,64854,64892
電気配線材,分電盤（主幹30A 30回路）,台,64855,64893
電気配線材,分電盤（主幹30A 8回路）,台,64856,64894
電気配線材,分電盤（主幹40A 12回路）,台,64857,64895
電気配線材,分電盤（主幹40A 16回路）,台,64859,64896
電気配線材,分電盤（主幹40A 20回路）,台,64860,64897
電気配線材,分電盤（主幹40A 24回路）,台,64861,64898
電気配線材,分電盤（主幹40A 30回路）,台,64862,64899
電気配線材,分電盤（主幹40A 8回路）,台,64863,64900
電気配線材,分電盤（主幹50A 12回路）,台,64864,64901
電気配線材,分電盤（主幹50A 16回路）,台,64865,64902
電気配線材,分電盤（主幹50A 20回路）,台,64866,64903
電気配線材,分電盤（主幹50A 24回路）,台,64867,64904
電気配線材,分電盤（主幹50A 30回路）,台,64868,64905
電気配線材,分電盤（主幹50A 8回路）,台,64869,64906
電気配線材,分電盤（主幹60A 12回路）,台,64870,64907
電気配線材,分電盤（主幹60A 16回路）,台,64871,64908
電気配線材,分電盤（主幹60A 20回路）,台,64872,64909
電気配線材,分電盤（主幹60A 24回路）,台,64873,64910
電気配線材,分電盤（主幹60A 30回路）,台,64874,64911
電気配線材,分電盤（主幹60A 8回路）,台,64875,64912
電気配線材,分電盤（主幹75A 12回路）,台,64876,64913
電気配線材,分電盤（主幹75A 16回路）,台,64877,64914
電気配線材,分電盤（主幹75A 20回路）,台,64878,64915
電気配線材,分電盤（主幹75A 24回路）,台,64879,64916
電気配線材,分電盤（主幹75A 30回路）,台,64880,64917
電気配線材,分電盤（主幹75A 8回路）,台,64881,64918
電気配線材,電線（CV 2C 2.0mm 100m）,巻,65087,65107
電気配線材,電線（CV 3C 2.0mm 100m）,巻,65088,65108
電気配線材,電線（CV 3C 5.5mm 100m）,巻,65089,65109
電気配線材,電線（IV 1.6mm 100m）,巻,65090,65110
電気配線材,電線（IV 2.0mm 100m）,巻,65091,65111
電気配線材,電線（IV 5.5mm 100m）,巻,65092,65113
電気配線材,電線（VVF 2C 1.6mm 100m）,巻,65094,65114
電気配線材,電線（VVF 2C 2.0mm 100m）,巻,65095,65115
電気配線材,電線（VVF 3C 1.6mm 100m）,巻,65097,65116
電気配線材,電線（VVF 3C 2.0mm 100m）,巻,65098,65117
